1293858000,0.299998,5027250,594,0.1281620677,10,0.5,0
1294030800,0.299998,5044450,853,0.1329459919,10,0.5,0
1294203600,0.298998,5059050,1192,0.1215969438,10,0.5,0
1294376400,0.322,5073600,880,0.116733066,10,0.5,0
1294549200,0.322998,5090800,1193,0.1232182364,10,0.5,0
1294722000,0.329,5107250,1262,0.1313246993,10,0.5,0
1294894800,0.405,5124850,1271,0.149969564,10,0.5,0
1295067600,0.4,5142150,932,0.1576449271,10,0.5,0
1295240400,0.4,5159450,816,0.1585614674,10,0.5,0
1295413200,0.3401,5176100,967,0.1622276285,10,0.5,0
1295586000,0.44,5193400,1047,0.1631441688,10,0.5,0
1295758800,0.4443,5210100,1073,0.1558118466,10,0.5,0
1295931600,0.425,5226900,965,0.1429802828,10,0.5,0
1296104400,0.4174,5244650,900,0.1750786258,10,0.5,0
1296277200,0.446,5260300,1290,0.1641362117,10,0.5,0
1296450000,0.5,5276000,1815,0.1641362117,10,0.5,0
1296622800,0.840099,5293050,1004,0.1772671087,10,0.5,0
1296795600,0.88,5310000,918,0.2079058682,10,0.5,0
1296968400,0.92,5327900,857,0.191492247,10,0.5,0
1297141200,0.9,5346800,842,0.2222861988,10,0.5,0
1297314000,1.1,5365400,1866,0.2442563464,10,0.5,0
1297486800,1.0899,5384450,1903,0.245548708,10,0.5,0
1297659600,1.08,5403950,1978,0.2403792615,10,0.5,0
1297832400,1.05019,5426100,2062,0.2985355345,10,0.5,0
1298005200,1.05019,5448900,2086,0.3914850549,10,0.5,0
1298178000,0.954896,5467100,1698,0.3407369922,10,0.5,0
1298350800,0.869499,5487000,2152,0.3842353317,10,0.5,0
1298523600,0.9499,5509850,1957,0.3878601933,10,0.5,0
1298696400,0.988567,5533500,1964,0.4549201332,10,0.5,0
1298869200,0.949231,5555400,1932,0.4614827791,10,0.5,0
1299042000,0.9498,5570350,2974,0.467009519,10,0.5,0
1299214800,0.9392,5589450,2119,0.549910617,10,0.5,0
1299387600,0.910445,5616200,1918,0.7461098824,10,0.5,0
1299560400,0.9072,5637600,2530,0.5333303974,10,0.5,0
1299733200,0.87,5651450,1491,0.4507191225,10,0.5,0
1299906000,0.9197,5665050,2812,0.5188951243,10,0.5,0
1300075200,0.9,5676850,2981,0.4431440112,10,0.5,0
1300248000,0.89,5689000,3237,0.5529831251,10,0.5,0
1300420800,0.850617,5702450,2759,0.5226826799,10,0.5,0
1300593600,0.79,5714150,2674,0.4734444564,10,0.5,0
1300766400,0.799646,5728200,2301,0.4772320121,12,0.5,0
1300939200,0.9,5743200,2218,0.575708459,13,0.5,0
1301112000,0.905,5758350,2987,0.4834755024,14,0.5,0
1301284800,0.8575,5774150,3420,0.5589113964,15,0.5,0
1301457600,0.795,5789650,1625,0.5349090665,15,0.5,0
1301630400,0.79997,5808500,1573,0.6000582477,15,0.5,0
1301803200,0.7998,5826300,1603,0.5726270135,15,0.5,0
1301976000,0.71,5845400,2272,0.692638663,15,0.5,0
1302148800,0.7677,5860450,1842,0.6631347158,15,0.5,0
1302321600,0.7676,5876200,1749,0.6508544433,15,0.5,0
1302494400,0.781,5892300,1879,0.6303873224,15,0.5,0
1302667200,1,5910700,2480,0.8227782585,15,0.5,0
1302840000,1.08999,5925600,2001,0.5526122632,16,0.5,0
1303012800,1.085,5942850,2320,0.7286295026,17,0.5,0
1303185600,1.19,5957700,3567,0.6472779341,18,0.5,0
1303358400,1.1979,5973150,1912,0.7574529016,19,0.5,0
1303531200,1.549,5990300,2100,0.7804060198,19,0.5,0
1303704000,1.701,6007600,2516,0.8630372454,21,0.5,0
1303876800,1.95,6026750,4550,0.8722184927,23,0.5,0
1304049600,2.7,6044800,3474,0.9273059765,25,0.5,0
1304222400,4.09,6063850,4648,1.068539452,27,0.5,0
1304395200,3.49,6083100,3235,1.128508503,29,1,0
1304568000,3.5,6103800,3399,1.242994872,31,1,0
1304740800,3.7,6124700,3889,1.193929285,33,1,0
1304913600,3.937,6147450,3560,1.357481242,35,1,0
1305086400,6.065,6166800,3272,1.463314603,37,1,0
1305259200,8.45,6185050,4404,1.572867568,40,1,0
1305432000,8.55,6208850,3990,1.784148286,42,1,0
1305604800,8.38901,6233050,4355,2.034555063,44,1,0
1305777600,7.34,6256250,5131,2.196416463,48,1,0
1305950400,6.6036,6278100,4822,2.584733186,51,1,0
1306123200,7.45,6304650,5775,3.361366632,55,1,0
1306296000,7.51,6334000,6172,3.543390095,59,1,0
1306468800,8.92,6359800,5491,4.280335327,63,1,0
1306641600,8.4992,6376200,4725,3.739888948,65,1,0
1306814400,9.4998,6391350,6203,3.242678278,68,1,0
1306987200,10.57,6409750,7157,4.107392486,73,3,0
1307160000,17.41,6430700,8773,4.669456721,80,3,0
1307332800,19.23,6453600,9808,7.049780324,86,3,0
1307505600,31.9099,6471200,11394,5.160439197,94,3,0
1307678400,35,6493100,11233,6.373001413,103,3,0
1307851200,24.99,6516600,11668,6.711390869,111,3,0
1308024000,20.99,6540100,12602,6.344802292,121,3,0
1308196800,19.96,6564250,11777,8.762322509,131,3,0
1308369600,17.2,6583350,12025,8.805916154,140,3,0
1308542400,17.35,6605900,11278,10.11372548,148,3,0
1308715200,15.05,6630950,11810,11.77028397,155,3,0
1308888000,16.7501,6654850,11134,16.45440492,163,3,0
1309060800,17.51001,6670150,10298,10.62680318,171,3,0
1309233600,17.52,6685800,10892,10.48968314,180,3,0
1309406400,17.5,6703700,9885,12.40936371,188,3,0
1309579200,16.49,6721450,9454,11.99800359,196,1,0
1309752000,15.85,6737650,9495,11.24384337,202,1,0
1309924800,16.5,6753000,11053,10.6953632,209,1,0
1310097600,15.64276,6767150,8211,11.42168584,216,1,0
1310270400,15.68,6782250,8057,11.18859021,222,1,0
1310443200,14.63988,6796900,8795,11.18859021,229,1,0
1310616000,14.1,6813750,8419,11.96557564,235,1,0
1310788800,14.1,6829750,7821,12.35406836,241,1,0
1310961600,13.6901,6845850,8185,11.8878771,248,1,0
1311134400,14.04,6861200,8545,12.01984874,255,1,0
1311307200,13.9389,6876100,8437,12.01984874,261,1,0
1311480000,13.979999,6892150,7866,14.79365999,267,1,0
1311652800,14.4,6908450,8401,14.20527578,274,1,0
1311825600,14,6925800,7818,14.03716601,280,1,0
1311998400,13.8,6941450,6854,12.77634272,285,1,0
1312171200,13.5501,6958600,8032,16.43111687,291,1,0
1312344000,13.1,6973900,8054,14.92884333,297,1,0
1312516800,11.55,6987450,7308,12.9571093,303,1,0
1312689600,9.8,7000100,6725,12.11208044,308,1,0
1312862400,12.1,7013200,8638,12.48764882,314,1,0
1313035200,10.4959,7028250,8116,12.67543301,320,1,0
1313208000,10.05,7041500,7386,12.01818834,325,1,0
1313380800,11.89,7054800,8347,13.42656978,331,1,0
1313553600,11.3,7068000,8128,11.57928193,337,1,0
1313726400,11.81,7082650,7787,12.11785318,343,1,0
1313899200,11.59,7097150,7355,13.01547194,349,1,0
1314072000,11.49,7114450,7425,15.25951882,355,1,0
1314244800,10.96554,7127400,7082,11.48952006,361,1,0
1314417600,9.11,7141650,6988,11.75880568,367,1,0
1314590400,9.4811,7153600,7807,11.22023443,372,1,0
1314763200,9,7168900,7280,13.34442097,377,1,0
1314936000,8.4989,7183350,6917,14.31653111,382,1,0
1315108800,8.593999999,7196750,6612,11.13507975,389,1,0
1315281600,7.65713,7211950,7705,13.25604733,395,1,0
1315454400,7.31509,7225550,6481,11.04670611,400,1,0
1315627200,6.20892,7239700,6453,12.63743178,406,1,0
1315800000,7.081,7253100,6422,11.48857435,411,1,0
1315972800,5.990000001,7267500,6515,13.26392523,415,1,0
1316145600,5.23,7281200,6042,10.99509591,419,1,0
1316318400,5,7295700,5775,14.57286522,423,1,0
1316491200,6.795,7308750,7420,12.12951057,428,1,0
1316664000,5.83001,7323650,6808,13.0893999,433,1,0
1316836800,5.66,7336550,6231,10.82057058,437,1,0
1317009600,5.46014,7350500,5917,11.95498524,441,1,0
1317182400,4.989,7363950,5795,11.60593458,445,1,0
1317355200,5.35,7376800,5762,10.32920406,449,1,0
1317528000,5.16,7390150,5145,11.00102221,453,1,0
1317700800,5.03,7403150,5316,10.91704494,457,1,0
1317873600,4.93,7416650,6004,11.16897674,461,1,0
1318046400,4.594,7429500,5604,10.83306767,465,1,0
1318219200,4.25937,7441550,5530,9.909317712,469,1,0
1318392000,4.20612,7452800,6498,9.993294981,473,1,0
1318564800,4.11455,7464000,5676,11.16897674,477,1,0
1318737600,3.9009,7477200,4878,8.977080038,481,1,0
1318910400,2.9,7489200,5562,9.269017601,485,1,0
1319083200,2.42,7500950,4708,7.517392227,488,1,0
1319256000,3.3,7512550,4820,6.860532712,491,1,0
1319428800,3.2,7523950,5919,8.977080038,495,1,0
1319601600,2.876,7535900,5307,7.955298571,499,1,0
1319774400,3.255,7546750,5111,7.444407837,502,1,0
1319947200,3.65026,7557550,4888,7.079485884,505,1,0
1320120000,3.35,7571700,5885,8.73436486,509,1,0
1320292800,3.299,7585600,5746,7.59770094,513,0.5,0
1320465600,3.21,7600250,6575,8.973662527,517,0.5,0
1320642000,3.0289,7614200,5329,7.836998607,521,0.5,0
1320814800,3.114,7629400,6627,10.11032645,525,0.5,0
1320987600,3,7642750,5439,7.298578856,529,0.5,0
1321160400,3.099,7656850,5088,8.794189277,533,0.5,0
1321333200,2.69,7672300,6442,10.25533355,537,0.5,0
1321506000,2.60031,7686200,5596,8.59551078,541,0.5,0
1321678800,2.3,7699200,4909,7.647040625,545,0.5,0
1321851600,2.29,7712350,5044,8.002716933,549,0.5,0
1322024400,2.38,7725650,5620,7.765599394,553,0.5,0
1322197200,2.56,7737750,5374,7.70632001,557,0.5,0
1322370000,2.4965,7749800,4794,6.757849855,560,0.5,0
1322542800,2.981,7762950,6529,8.239834472,565,0.5,0
1322715600,3.14,7779500,6735,10.03065755,570,0.5,0
1322888400,3.12999,7794850,5533,8.132965582,574,0.5,0
1323061200,2.93,7809700,6347,8.675163287,578,0.5,0
1323234000,3.082,7825000,7119,7.97030627,583,0.5,0
1323406800,3.039,7840250,5686,8.187185352,587,0.5,0
1323579600,3.38,7855350,5240,7.861866729,591,0.5,0
1323752400,3.3,7868500,5515,7.406827445,595,0.5,0
1323925200,3.1933,7881850,5476,7.062323843,599,0.5,0
1324098000,3.23,7895350,4819,8.382920984,603,0.5,0
1324270800,3.70036,7910250,5200,8.670007319,607,0.5,0
1324443600,4.11,7924750,5667,8.899676387,612,0.5,0
1324616400,3.95,7939250,5740,8.727424586,616,0.5,0
1324789200,4.3897,7954550,5307,9.99060446,619,0.5,0
1324962000,4.06,7971100,5571,9.168004881,623,0.5,0
1325134800,4.33,7985600,5023,8.072457128,627,0.5,0
1325307600,4.995,8000050,5357,9.283325697,631,0.5,0
1325480400,5.4999,8015100,5809,8.764382025,636,1,0
1325653200,5.6063,8030900,5636,8.879702841,640,1,0
1325826000,7.22,8046750,6361,9.80226937,646,1,0
1325998800,7.2,8063850,6290,9.283325697,652,1,0
1326171600,6.89,8079200,6589,9.077623651,658,1,0
1326344400,6.997,8095100,6943,10.32113374,665,1,0
1326517200,6.75,8109300,6734,9.948080714,670,1,0
1326690000,7.18888,8124600,6685,9.823729705,676,1,0
1326862800,6.95,8139600,7215,8.828921633,681,1,0
1327035600,6.58,8153300,6718,8.580219616,687,1,0
1327208400,6.39,8168750,5259,8.450978823,692,1,0
1327381200,6.515,8184050,6817,8.77601647,697,1,0
1327554000,6.2,8198300,6736,8.450978823,702,1,0
1327726800,5.74815,8213000,6095,10.07616706,707,1,0
1327899600,5.6,8229450,6019,10.79124988,712,1,0
1328072400,5.638,8244100,6900,8.77601647,717,1,0
1328245200,6.148,8260250,6943,10.40120471,723,0.5,0
1328418000,5.9625,8275250,6616,9.327239883,728,0.5,0
1328590800,5.70999,8289800,6799,9.807318406,732,0.5,0
1328763600,5.8,8303600,7259,9.875901052,737,0.5,0
1328936400,6,8317850,7624,9.464405175,743,0.5,0
1329109200,5.72,8333200,7514,10.08164899,749,0.5,0
1329282000,4.88,8347100,9511,9.73873576,757,0.5,0
1329454800,4.76998,8360650,7128,9.73873576,764,0.5,0
1329627600,4.33333,8377250,5932,10.74136802,768,0.5,0
1329800400,4.4354,8390950,6348,8.757293674,772,0.5,0
1329973200,4.92481,8407200,7881,11.49394795,778,0.5,0
1330146000,5.07,8422800,6588,11.42553159,784,0.5,0
1330318800,5.1,8438300,6475,10.80978438,789,0.5,0
1330491600,4.9,8455100,6825,12.72544237,795,0.5,0
1330664400,4.98888,8469550,7696,9.897222875,801,0.5,0
1330837200,4.9,8482000,6017,9.673977247,805,0.5,0
1331010000,5.05,8496000,6713,11.01345102,811,0.5,0
1331182800,5,8511250,6635,11.6087727,817,0.5,0
1331355600,4.94,8528200,6054,12.87383126,822,0.5,0
1331524800,4.95915,8543300,5728,12.57617042,826,0.5,0
1331697600,5.4444,8557800,7096,10.26929892,833,0.5,0
1331870400,5.4,8571400,6706,10.6507282,838,0.5,0
1332043200,5.37998,8587800,5745,11.61897621,843,0.5,0
1332216000,4.98,8603100,6604,11.02313128,848,0.5,0
1332388800,4.88,8619000,6756,11.61897621,854,0.5,0
1332561600,4.74896,8634100,6461,12.81066608,858,0.5,0
1332734400,4.73793,8650050,6469,11.32105375,863,0.5,0
1332907200,4.84592,8665400,7134,11.84241806,868,0.5,0
1333080000,4.83,8679850,7174,12.12846182,874,0.5,0
1333252800,4.929,8695500,5619,12.12846182,878,0.5,0
1333425600,5.01,8708250,7539,10.34962075,883,0.5,0
1333598400,4.94486,8721250,6977,9.621913043,889,0.5,0
1333771200,4.98,8734000,6152,10.6730464,894,0.5,0
1333944000,4.8,8748850,6045,12.20931823,898,0.5,0
1334116800,4.8941,8763150,7485,11.56246693,904,0.5,0
1334289600,4.94464,8776350,7549,9.883251608,910,0.5,0
1334462400,4.98389,8788850,7313,9.177305065,916,0.5,0
1334635200,5.02207,8802600,8354,11.13826769,923,0.5,0
1334808000,5.19,8816500,8023,12.23640675,930,0.5,0
1334980800,5.48,8831600,7770,11.53046021,937,0.5,0
1335153600,5.21799,8846450,6845,11.60889871,943,0.5,0
1335326400,5.16,8859500,7746,10.82451367,949,0.5,0
1335499200,5.1372,8873500,7066,9.883251608,956,0.5,0
1335672000,5.0184,8889600,8050,12.44873829,962,0.5,0
1335844800,5,8907000,10070,13.42363949,969,0.5,0
1336017600,5.184,8923000,12283,12.44873829,978,0.5,0
1336190400,5.1495,8938550,13590,11.6988143,989,0.5,0
1336363200,5.0947,8955700,16283,12.82370029,1002,0.5,0
1336536000,5.09609,8973200,18865,14.12994691,1017,0.5,0
1336708800,5.03188,8986550,14196,10.59746018,1028,0.5,0
1336881600,4.99888,9000000,14084,11.37288409,1043,0.5,0
1337054400,5.09,9013700,20817,11.28672588,1064,0.5,0
1337227200,5.1345,9025200,14892,10.16666911,1080,0.5,0
1337400000,5.14291,9039700,38132,12.57909907,1105,0.5,0
1337572800,5.1475,9053400,29133,11.37288409,1131,0.5,0
1337745600,5.16,9065300,26784,10.42514375,1153,0.5,0
1337918400,5.15,9077850,29007,9.174760781,1176,0.5,0
1338091200,5.148,9092800,22251,12.97121352,1196,0.5,0
1338264000,5.15889,9106500,31160,10.75661609,1224,0.5,0
1338436800,5.19,9119800,20951,11.54754374,1244,0.5,0
1338609600,5.279,9135150,18570,12.3384714,1263,0.5,0
1338782400,5.2785,9150600,44984,11.94300757,1293,0.5,0
1338955200,5.47,9165850,18275,13.36667734,1321,0.5,0
1339128000,5.66,9179550,26974,11.70572927,1345,0.5,0
1339300800,5.62,9196400,39328,13.3790336,1375,0.5,0
1339473600,5.7,9211100,20796,11.01802767,1400,0.5,0
1339646400,5.95,9226500,56997,11.49022886,1447,0.5,0
1339819200,6.599,9242450,49313,12.59203163,1494,0.5,0
1339992000,6.4668,9258450,39028,12.35593103,1528,0.5,0
1340164800,6.64999,9274350,33475,11.67262013,1561,0.5,0
1340337600,6.79962,9287500,25550,12.10176058,1585,0.5,0
1340510400,6.5915,9302600,21880,12.01593249,1604,0.5,0
1340683200,6.4514,9317650,32547,12.7025572,1629,0.5,0
1340856000,6.66897,9332500,27315,11.58679204,1654,0.5,0
1341028800,6.693,9346600,23608,12.18758867,1672,0.5,0
1341201600,6.75,9361550,25272,13.81832236,1689,0.5,0
1341374400,6.55,9376750,21992,13.84337907,1707,0.5,0
1341547200,6.73449,9391250,21962,13.32098741,1725,0.5,0
1341720000,6.87,9407450,21697,13.40805269,1744,0.5,0
1341892800,7.239,9423250,33442,13.14685686,1769,0.5,0
1342065600,7.32,9437650,26493,13.14685686,1793,0.5,0
1342238400,7.68891,9453150,25417,12.9727263,1814,0.5,0
1342411200,8.2899,9468000,30561,12.88566102,1838,0.5,0
1342584000,9.39899,9484400,30733,14.00960107,1867,0.5,0
1342756800,9.23355,9498500,35383,12.89625529,1896,0.5,0
1342929600,9,9512950,29975,12.89625529,1924,0.5,0
1343102400,8.96,9528500,29945,14.93738922,1951,0.5,0
1343275200,8.9,9545100,30652,16.51462907,1976,0.5,0
1343448000,8.93,9562000,33187,15.77239855,2000,0.5,0
1343620800,9.15,9578500,38204,18.73004176,2030,0.5,0
1343793600,9.54,9592200,34163,14.27532912,2060,0.5,0
1343966400,11.1188,9608550,29356,17.51512013,2086,1,0
1344139200,11.1869,9623300,32003,14.680303,2111,1,0
1344312000,11.04,9637800,28636,15.08527688,2136,1,0
1344484800,12,9654250,33117,16.09771157,2164,1,0
1344657600,11.59788,9670350,29979,15.9964681,2186,1,0
1344830400,11.86999,9686450,49678,16.66300633,2219,1,0
1345003200,12.67,9703150,49070,18.62336001,2256,1,0
1345176000,15.4,9718000,40897,15.57392095,2293,1,0
1345348800,12,9733300,35022,17.20754902,2326,1,0
1345521600,10.29999,9751800,40494,19.7124454,2358,1,0
1345694400,10.25,9767500,31765,17.96990879,2387,1,0
1345867200,10.25,9781850,35491,15.89357527,2413,1,0
1346040000,12.14999,9798100,31308,18.07742531,2438,1,0
1346212800,11.20999,9813900,33804,20.13995034,2463,1,0
1346385600,10.8359,9828950,41495,17.34947529,2493,1,0
1346558400,10.18999,9844750,31268,18.56272532,2523,1,0
1346731200,10.5934,9860150,36940,15.52960026,2556,1,0
1346904000,11.17,9878450,44218,24.90946413,2591,1,0
1347076800,11.21,9894050,34359,18.74905902,2619,1,0
1347249600,11.127,9908900,32055,19.28474642,2644,1,0
1347422400,11.3789,9923850,30406,18.88298087,2672,1,0
1347595200,11.75,9939200,35146,21.69533972,2699,1,0
1347768000,11.99,9953850,27351,20.08827752,2724,1,0
1347940800,12.09,9971000,31313,22.36494897,2748,1,0
1348113600,12.68666,9985500,33825,20.92944794,2776,1,0
1348286400,12.4433,10002250,23847,24.48887787,2801,1,0
1348459200,12.29888,10017500,31279,22.21084272,2826,1,0
1348632000,12.28,10032100,31886,20.35993916,2849,1,0
1348804800,12.444,10047450,29898,23.34986029,2875,1,0
1348977600,12.47499,10063450,21143,21.64133393,2897,1,0
1349150400,12.88,10077650,28543,19.36329878,2922,0.5,0
1349323200,13.0899,10091250,29518,20.34741197,2951,0.5,0
1349496000,12.89999,10105150,35662,21.56218283,2981,0.5,0
1349668800,12.08,10120300,38366,25.20649543,3013,0.5,0
1349841600,12.15,10135000,32255,22.62510734,3043,0.5,0
1350014400,12.15,10149450,24200,22.92880006,3067,0.5,0
1350187200,12,10163650,26981,20.9547974,3096,0.5,0
1350360000,11.99,10179100,33464,23.08064641,3126,0.5,0
1350532800,11.95998,10193900,28432,23.67252096,3156,0.5,0
1350705600,11.85,10208750,27673,21.07617995,3183,0.5,0
1350878400,11.81,10224950,35647,25.35250632,3215,0.5,0
1351051200,11.82,10239600,33568,23.8252469,3249,0.5,0
1351224000,11.09988,10254550,22540,24.58887661,3272,0.5,0
1351396800,10.61,10271900,17381,25.81068415,3288,0.5,0
1351569600,10.85,10287250,29930,24.47480664,3311,0.5,0
1351742400,11.279,10300950,25458,22.17516038,3336,0.5,0
1351915200,10.60097,10315350,25264,23.48924396,3359,1,0
1352091600,10.9,10331000,32202,25.13184843,3384,1,0
1352264400,11.21603,10345650,37442,25.78889022,3414,1,0
1352437200,11.07,10361000,26851,23.81776485,3441,1,0
1352610000,10.939,10375600,23728,21.68237904,3463,1,0
1352782800,11.129,10389450,24841,22.77487591,3485,1,0
1352955600,11.114,10403450,37743,22.77487591,3514,1,0
1353128400,11.8,10417550,34273,23.61218753,3548,1,0
1353301200,11.79998,10431650,35160,20.59786571,3578,1,0
1353474000,11.784,10447300,41245,25.78919772,3614,1,0
1353646800,12.43,10461900,31482,24.28203682,3644,1,0
1353819600,12.6,10477050,34821,23.61218753,3672,1,0
1353992400,12.52999,10492600,29528,25.98426193,3702,1,0
1354165200,12.599,10504650,39050,28.20660012,3736,1,0
1354338000,12.68778,10511875,37722,27.35185466,3764,1,0
1354510800,12.67901,10519400,22407,25.64236375,3783,1,0
1354683600,13.5,10525175,33176,20.513891,3811,1,0
1354856400,13.68,10531850,32887,21.19768736,3843,1,0
1355029200,13.53,10538475,32838,22.22338191,3871,1,0
1355202000,13.63999,10545650,36341,24.29223366,3905,1,0
1355374800,13.79989,10552275,40260,22.78443985,3939,1,0
1355547600,13.7722,10557825,33526,19.76885222,3972,1,0
1355720400,13.498,10563850,40828,21.10911339,4004,1,0
1355893200,13.399,10570575,49016,23.95716837,4046,1,0
1356066000,13.6475,10576300,40658,20.27145016,4079,1,0
1356238800,13.48547,10583350,39228,23.11950514,4117,1,0
1356411600,13.45,10589600,27560,20.60651545,4146,1,0
1356584400,13.47,10597225,43119,23.84708488,4182,1,0
1356757200,13.67,10604975,39248,19.84788431,4221,1,0
1356930000,13.59,10613175,34228,24.88391466,4255,1,0
1357102800,13.4,10621175,38986,23.10649218,4284,1,0
1357275600,13.48986,10628700,49926,20.88471409,4323,1,0
1357448400,13.52999,10635975,34519,21.03283263,4353,1,0
1357621200,13.83,10643750,35390,23.26118199,4387,1,0
1357794000,14.32,10650750,51393,23.58425396,4430,1,0
1357966800,14.34999,10656750,46836,19.22278234,4473,1,0
1358139600,14.3,10663650,43799,24.87654185,4512,1,0
1358312400,14.689,10669900,52197,19.86892628,4553,1,0
1358485200,15.985,10676100,50896,20.19199825,4598,1,0
1358658000,15.89,10682925,41636,21.32275015,4640,1,0
1358830800,17.59,10689775,40199,20.67660621,4676,1,0
1359003600,19.18999,10696825,46607,23.90732593,4722,1,0
1359176400,17.61926,10704050,53420,22.13679333,4767,1,0
1359349200,18.45,10711550,52321,21.84163609,4814,1,0
1359522000,19.7,10719225,45810,21.39890022,4861,1,0
1359694800,21.3,10727800,56756,22.5795292,4907,1,0
1359867600,20.68,10735950,56212,24.35047267,4958,1,0
1360040400,20.79,10744650,53445,28.00576717,5006,1,0
1360213200,22.15,10752200,58215,24.09798571,5051,1,0
1360386000,23.69997,10759400,50847,22.14409498,5102,1,0
1360558800,24.1955,10767475,58835,25.88905221,5153,1,0
1360731600,26.09999,10774975,57398,25.56340376,5205,1,0
1360904400,26.99898,10783475,57505,28.65706409,5256,1,0
1361077200,25.6083,10792850,50400,30.28530636,5302,1,0
1361250000,28.78999,10801025,55598,30.12780025,5348,1,0
1361422800,29.80012,10810275,58996,35.7540762,5402,1,0
1361595600,29.27998,10818350,59386,29.40182916,5455,1,0
1361768400,30.25001,10827325,65164,35.39109065,5509,1,0
1361941200,31.40181,10836275,62952,36.84303283,5564,1,0
1362114000,34.87799,10844500,65797,34.30627041,5622,1,0
1362286800,34.10007,10852050,49631,33.00350064,5672,3,0
1362459600,40.04,10860175,56039,32.56924406,5727,3,0
1362632400,42.49271,10868025,62423,33.00350064,5788,3,0
1362805200,46.01112,10875925,47671,36.91180993,5840,3,0
1362974400,47.7397,10885200,67610,40.38586263,5905,3,0
1363147200,46.79999,10892000,56177,33.43775723,5952,3,0
1363320000,47.25005,10900875,60064,40.96623399,6008,3,0
1363492800,47.4419,10910350,34164,48.91850294,6046,3,0
1363665600,57.76,10919750,48705,47.47263586,6087,3,0
1363838400,73.8,10930000,53840,53.73805988,6133,3,0
1364011200,63,10940875,58002,50.60534787,6191,3,0
1364184000,73.88798,10949700,51011,45.26778087,6239,3,0
1364356800,88.9,10956750,51993,41.93926757,6287,3,0
1364529600,89.05,10965775,66205,60.57894204,6349,3,0
1364702400,92.50001,10973850,44586,52.25765879,6406,3,0
1364875200,108.73,10983675,60268,58.24898273,6463,8,0
1365048000,131.99899,10992125,69048,53.25621278,6530,8,0
1365220800,142.49765,10999925,57200,64.07971834,6584,8,0
1365393600,184,11008200,63470,64.46114524,6647,8,0
1365566400,198,11017000,68820,70.18254866,6709,8,0
1365739200,76.488,11025425,60395,65.98685282,6773,8,0
1365912000,91,11033475,53417,62.17258387,6822,8,0
1366084800,91,11042050,65797,69.80112177,6879,8,0
1366257600,96.5,11050300,52605,72.71669197,6930,8,0
1366430400,123.86,11057050,48016,64.68662782,6981,8,0
1366603200,123.515,11065450,46737,72.27057729,7025,8,0
1366776000,153.20019,11073800,67982,78.07006806,7086,8,0
1366948800,135.601,11082075,56533,76.73172404,7142,8,0
1367121600,135.98999,11090225,40986,74.50115066,7186,8,0
1367294400,139.109,11098475,48795,74.63339018,7238,8,0
1367467200,105.00003,11105600,57278,72.128914,7288,3,0
1367640000,111.98979,11113125,48349,77.13786636,7339,3,0
1367812800,120.94999,11121050,51244,81.64592348,7389,3,0
1367985600,113.95001,11129525,47359,81.64592348,7443,3,0
1368158400,117.68,11137850,67937,83.64950443,7505,3,0
1368331200,114.32,11146675,69320,89.15935203,7570,3,0
1368504000,119,11154850,63287,81.74987297,7628,3,0
1368676800,115.09024,11162150,60543,80.6376298,7689,3,0
1368849600,123.74995,11169850,51982,81.74987297,7742,3,0
1369022400,122.65001,11177150,50093,76.74477871,7786,3,0
1369195200,122.64,11185025,53981,92.31618308,7838,3,0
1369368000,131.5,11193100,55106,90.09169674,7890,3,0
1369540800,134.04701,11201425,39879,97.26804906,7937,3,0
1369713600,128.321,11209775,55138,97.87219843,7987,3,0
1369886400,130.99589,11218200,57170,102.101244,8040,3,0
1370059200,129.19945,11227800,52390,119.6215759,8092,3,0
1370232000,120.00002,11238125,52048,126.267219,8141,2,0
1370404800,122.4051,11248425,54947,156.7035621,8195,2,0
1370577600,110.29501,11256900,54331,124.8973935,8247,2,0
1370750400,98.47045,11265275,46237,129.5519548,8290,2,0
1370923200,108,11274175,51208,136.5337967,8332,2,0
1371096000,109,11284000,43302,149.7217202,8373,2,0
1371268800,101.96998,11292700,41531,136.5337967,8414,2,0
1371441600,100.52521,11301225,43399,148.0494004,8451,2,0
1371614400,107.835,11308000,46903,120.1699679,8493,2,0
1371787200,111,11315975,52994,166.3152356,8540,2,0
1371960000,107.68389,11324675,40634,169.1993148,8578,2,0
1372132800,103.86665,11331950,45588,142.281242,8617,2,0
1372305600,102.79001,11340825,46797,159.5857174,8658,2,0
1372478400,95.85301,11349050,38973,170.754179,8698,2,0
1372651200,90.998,11356975,34053,162.2694993,8728,2,0
1372824000,82.8,11365275,35351,185.6023685,8762,2,0
1372996800,67.85844,11373950,36291,187.7235384,8793,2,0
1373169600,70.942,11383325,28865,198.3293881,8823,2,0
1373342400,76.32791,11393000,41777,213.1775775,8859,2,0
1373515200,87.15,11402075,41040,249.7082121,8896,2,0
1373688000,95.995,11409975,40313,196.3851043,8938,2,0
1373860800,98.37516,11418325,36738,222.3963764,8971,2,0
1374033600,97.97,11426650,39565,219.7952492,9006,2,0
1374206400,93.41082,11435175,38020,219.7952492,9041,2,0
1374379200,88.93999,11444725,36884,253.6099029,9073,2,0
1374552000,95.396,11452850,39644,225.2998321,9107,2,0
1374724800,96.2,11460125,42304,212.8694965,9144,2,0
1374897600,95.20461,11468700,35987,256.375671,9179,2,0
1375070400,101.04202,11477275,44260,257.929463,9214,2,0
1375243200,104.95555,11486875,51919,309.2045972,9257,2,0
1375416000,105.5,11496250,53174,295.2204697,9302,2,0
1375588800,104.67459,11505000,44605,317.8555672,9344,2,0
1375761600,106.88378,11514525,52260,351.314048,9388,2,0
1375934400,101.9,11523975,57036,375.4785063,9438,2,0
1376107200,102.61802,11534150,52040,369.9020929,9484,2,0
1376280000,104.99498,11545225,45811,425.6662275,9526,2,0
1376452800,100.03,11553875,50484,388.9725307,9576,2,0
1376625600,98.51,11562350,68301,434.4368525,9633,2,0
1376798400,99.02,11571950,53134,497.5817439,9681,2,0
1376971200,104.59,11580925,66539,457.1690134,9741,2,0
1377144000,111.01,11591275,62772,525.365496,9794,2,0
1377316800,108.79,11601300,51085,607.9322986,9845,2,0
1377489600,111.8,11608950,53528,532.7578746,9890,2,0
1377662400,119.25,11617425,63645,545.8316874,9946,2,0
1377835200,124.79,11627225,60716,634.0799243,9999,2,0
1378008000,130.82,11638150,45578,725.5966144,10043,2,0
1378180800,130.45,11648650,50503,604.6638454,10089,2,0
1378353600,124.51,11657075,60222,704.3985918,10136,2,0
1378526400,120.15,11665900,54231,704.3985918,10187,2,0
1378699200,121.66,11674450,54966,834.0425044,10231,2,0
1378872000,124.1,11684125,49512,868.6142144,10275,2,0
1379044800,128.29,11694575,48362,907.5073882,10320,2,0
1379217600,125.46,11704550,46764,1024.579581,10362,2,0
1379390400,127.56,11713200,66291,990.9868074,10414,2,0
1379563200,124.1,11721850,59004,1091.765127,10468,2,0
1379736000,123.5,11731350,53286,1046.974763,10518,2,0
1379908800,123.02,11742025,60286,1237.33381,10567,2,0
1380081600,124.18,11752400,58150,1583.138305,10620,2,0
1380254400,125.6,11761075,50429,1302.020289,10668,2,0
1380427200,128.1,11769550,41741,1242.837548,10708,2,0
1380600000,127.11,11778550,55320,1449.977139,10751,2,0
1380772800,116.95,11788075,61708,1538.75125,10810,3,0
1380945600,121.51,11797800,47895,1560.944778,10856,3,0
1381118400,123.6,11806675,43235,1439.610956,10897,3,0
1381291200,126.08,11815150,46991,1721.887615,10939,3,0
1381464000,126.84,11824450,54449,1665.432283,10990,3,0
1381636800,129.74,11835100,51248,2154.711824,11038,3,0
1381809600,139.24,11847750,57320,2333.487041,11092,3,0
1381982400,143.33,11857700,45193,2382.309675,11139,3,0
1382155200,165.05,11867500,54639,2914.669379,11193,3,0
1382328000,177.07,11877925,58142,2675.107513,11246,3,0
1382500800,199.95,11889425,54572,2808.197439,11307,3,0
1382673600,172.81,11900650,59853,3194.158224,11372,3,0
1382846400,189.06,11910050,44388,3439.672053,11418,3,0
1383019200,202.09,11918450,51237,3051.008544,11464,3,0
1383192000,201.61,11928575,56476,4061.533667,11514,3,0
1383364800,204.15,11938750,41179,4216.99907,11560,11,0
1383541200,225.1,11948650,42094,3886.635088,11601,11,0
1383714000,258.23,11956950,55035,4114.549716,11658,11,0
1383886800,325.56,11964125,59961,3377.99452,11718,11,0
1384059600,296.91,11971875,57169,4266.940446,11778,11,0
1384232400,353.95,11981475,58510,4800.308002,11833,11,0
1384405200,416.5,11990400,70175,4292.338902,11896,11,0
1384578000,433.53,11999375,51595,4978.097188,11950,11,0
1384750800,583.16,12008300,73198,4968.79793,12011,11,0
1384923600,595,12016250,77962,4938.500381,12098,11,0
1385096400,761,12024100,76646,5029.393026,12177,11,0
1385269200,833.16,12032450,60018,5211.178317,12244,11,0
1385442000,844.9,12041050,80055,4968.79793,12315,11,0
1385614800,1009,12049750,102010,5514.1538,12405,11,0
1385787600,1119.96,12058375,80868,5626.473038,12485,11,0
1385960400,992.27,12067325,74324,5731.969408,12554,12,0
1386133200,1151,12076500,79738,6224.285799,12630,12,0
1386306000,894,12086050,71277,7419.911319,12707,12,0
1386478800,722.99,12095325,49174,6294.616711,12766,12,0
1386651600,936.98,12105225,67874,9076.027624,12830,12,0
1386824400,845.75,12113325,59677,7495.624804,12891,12,0
1386997200,864.7,12122475,55858,9030.873258,12954,12,0
1387170000,709,12131750,63090,8714.792694,13017,12,0
1387342800,576.16,12141925,81656,9482.416921,13094,12,0
1387515600,660,12152375,69475,9121.181991,13159,12,0
1387688400,637,12160600,51543,9744.865734,13215,12,0
1387861200,647.27,12168725,56872,9744.865734,13271,12,0
1388034000,734.42,12177500,48575,10508.01787,13328,12,0
1388206800,701.61,12185975,47777,9627.457713,13381,12,0
1388379600,739.1,12194575,56501,11388.57803,13440,12,0
1388552400,746.9,12203800,41476,11740.80209,13488,12,0
1388725200,806.21,12211525,63821,11493.6341,13545,8,0
1388898000,896,12219725,55761,12692.35667,13602,8,0
1389070800,867.38,12228825,62126,13185.94832,13671,8,0
1389243600,809.17,12238275,58365,12762.86976,13730,8,0
1389416400,891.85,12248500,56464,14596.21017,13787,8,0
1389589200,807.83,12258325,54756,18058.64887,13840,8,0
1389762000,847.7,12266450,60392,15211.96531,13897,8,0
1389934800,793,12275275,58397,13610.7058,13954,8,0
1390107600,833,12283950,49224,16368.43051,14004,8,0
1390280400,822.56,12292825,71521,15300.92417,14072,8,0
1390453200,813.02,12302025,63527,15834.67734,14137,8,0
1390626000,806,12310800,55371,16903.79922,14197,8,0
1390798800,777,12318825,60746,17558.13983,14254,8,0
1390971600,803.6,12326925,61786,17230.96953,14316,8,0
1391144400,802.5,12335525,61999,20066.44552,14377,8,0
1391317200,819.57,12344900,50400,19412.10491,14434,9,0
1391490000,809.05,12353975,65812,18430.59399,14502,9,0
1391662800,778,12362425,69721,21761.8906,14577,9,0
1391835600,707,12370925,64069,22804.37638,14650,9,0
1392008400,665,12378525,67622,19937.54049,14712,9,0
1392181200,667.01,12386875,62805,21761.8906,14784,9,0
1392354000,672.1,12396150,76660,24889.34793,14866,9,0
1392526800,623.5,12405475,56785,25149.96938,14929,9,0
1392699600,626.77,12413800,68333,25980.5117,14997,9,0
1392872400,582.7,12422850,71666,26602.7994,15075,9,0
1393045200,603.98,12431150,59691,25513.79592,15148,9,0
1393218000,545,12440250,68496,28314.09059,15222,9,0
1393390800,585.38,12449025,71527,28158.51867,15313,9,0
1393563600,577.97,12458275,71658,35659.96387,15391,9,0
1393736400,559.88,12465700,59067,28262.41817,15466,7,0
1393909200,677.61,12472725,85916,26365.61158,15562,7,0
1394082000,657.02,12480800,71619,30728.26674,15650,7,0
1394254800,609,12489350,71019,33194.1153,15728,7,0
1394424000,621.99,12497575,66786,31297.30871,15802,7,0
1394596800,642.1,12505975,76019,31866.35069,15887,7,0
1394769600,636.47,12513675,68735,29367.84755,15968,7,0
1394942400,634.94,12522000,58730,33382.15765,16031,7,0
1395115200,627,12530075,57881,30635.52442,16090,7,0
1395288000,590,12538125,72117,35283.67296,16159,7,0
1395460800,557,12547050,69139,37185.18827,16244,7,0
1395633600,572,12557150,67382,42044.61628,16312,7,0
1395806400,585.7,12564875,69897,39324.9976,16389,7,0
1395979200,503,12573625,69155,45547.30735,16470,7,0
1396152000,449.02,12581625,55333,37084.96609,16532,7,0
1396324800,479.51,12590300,64692,44551.73779,16604,7,4
1396497600,446.31,12600125,67292,51769.6171,16678,4,0
1396670400,451.84,12609625,59610,54454.16888,16749,4,0
1396843200,447.74,12616825,62222,44415.13216,16813,4,0
1397016000,443.1,12624350,64278,44110.91892,16892,4,0
1397188800,427.99,12632450,66874,45327.77186,16971,4,0
1397361600,405,12641425,49420,60538.43356,17029,4,0
1397534400,489.91,12650850,74882,59321.58062,17111,4,0
1397707200,495,12658925,67212,60364.10607,17194,4,0
1397880000,499.9,12666900,56685,56547.98442,17258,4,0
1398052800,496.5,12675575,57961,61404.86652,17321,4,0
1398225600,487.3,12683800,72147,60711.02622,17400,4,0
1398398400,459.15,12691575,78038,56894.90457,17482,4,0
1398571200,440.1,12700200,50392,57935.66502,17546,4,0
1398744000,447.7,12708300,64207,54813.38367,17618,4,0
1398916800,460.01,12716150,60910,66817.88587,17690,4,0
1399089600,434.5,12724000,56112,57272.47361,17753,3,0
1399262400,427.83,12730925,63433,49715.68889,17817,3,0
1399435200,446.65,12739650,70424,64829.25832,17897,3,0
1399608000,452.02,12747700,67693,66022.43485,17972,3,0
1399780800,435,12756275,51666,66022.43485,18034,3,0
1399953600,438.95,12764450,70672,74817.97102,18112,3,0
1400126400,448.99,12772350,72761,73057.54817,18192,3,0
1400299200,449.08,12781475,55577,80539.34527,18264,3,0
1400472000,446.42,12789750,60368,77898.711,18334,3,0
1400644800,494.87,12798675,71120,78338.81671,18419,3,6
1400817600,527.47,12806800,74593,69536.70248,18501,3,0
1400990400,575,12814775,53928,78483.25676,18566,3,0
1401163200,581.87,12822225,67040,67048.61008,18643,3,0
1401336000,568,12829925,65930,68088.12341,18723,3,0
1401508800,620.45,12837800,55166,79003.01342,18793,3,0
1401681600,631.49,12846750,61179,93036.44344,18863,3,0
1401854400,644.66,12856025,66435,95115.47011,18943,3,0
1402027200,655.75,12863350,64859,86494.36212,19021,3,0
1402200000,652,12870925,47730,87663.20486,19080,3,0
1402372800,649.89,12878750,65460,103442.5817,19154,3,0
1402545600,617,12886275,61583,90585.31168,19227,3,0
1402718400,557.92,12894875,58961,102858.1604,19299,3,0
1402891200,595,12904600,65347,118637.5372,19369,3,0
1403064000,604.6,12913300,66992,113768.8429,19445,3,0
1403236800,593.33,12921700,59884,123807.2702,19517,3,0
1403409600,596.08,12931250,50429,129161.0981,19580,3,0
1403582400,585.54,12940150,64766,132507.2405,19650,3,0
1403755200,569,12949075,62354,114438.0713,19724,3,0
1403928000,597.08,12958425,56883,125145.7271,19792,3,0
1404100800,620,12965900,62009,104506.2812,19861,3,0
1404273600,654,12972825,67724,116210.9847,19946,3,0
1404446400,635.49,12980150,61901,133768.0399,20017,3,0
1404619200,634.49,12987675,53366,124571.4872,20077,3,0
1404792000,623.7,12995200,70042,135440.1404,20154,3,0
1404964800,619.78,13003025,64146,128751.7384,20235,3,0
1405137600,631.98,13010900,54181,137948.2912,20303,3,0
1405310400,622.8,13018375,59877,124959.9838,20370,3,0
1405483200,619.48,13025950,67767,142195.8436,20447,3,0
1405656000,629.86,13034200,62427,137025.0856,20523,3,0
1405828800,623.77,13042750,54742,146504.8085,20591,3,0
1406001600,621.03,13050050,66921,123236.3978,20665,3,0
1406174400,601.18,13057425,64815,128407.1557,20740,3,0
1406347200,595.88,13064850,57528,130395.0986,20810,3,0
1406520000,586.96,13072275,59561,126669.5244,20878,3,0
1406692800,573.48,13080375,64442,162993.8733,20953,3,0
1406865600,601.94,13088050,69283,142503.2149,21032,3,0
1407038400,589.79,13096075,52550,141571.8214,21095,3,0
1407211200,580.21,13102750,72928,122943.9502,21172,3,0
1407384000,587.24,13110500,70732,146228.7892,21258,3,0
1407556800,588.61,13118850,62960,169672.5214,21334,3,0
1407729600,578.97,13127875,70184,178499.4155,21412,3,0
1407902400,550.14,13136325,75011,153980.265,21502,3,0
1408075200,498.16,13144650,69698,159864.8612,21589,3,0
1408248000,491.88,13153050,59319,161826.3932,21679,3,0.42
1408420800,487.5,13162575,75458,202037.8,21758,3,0
1408593600,525.78,13170725,75470,199134.5961,21841,3,0
1408766400,503.88,13178675,60189,186096.0214,21912,3,0
1408939200,503.79,13186125,66411,158833.5469,21983,3,0
1409112000,514.84,13194300,74318,190837.3213,22066,3,0
1409284800,511.99,13202975,67664,196763.9462,22142,3,0
1409457600,477.98,13212150,59751,231138.3705,22210,3,0
1409630400,483.65,13219475,71539,194978.3032,22288,3,18.44
1409803200,486,13227625,70940,227701.9345,22367,3,0
1409976000,481.09,13235550,67529,229065.4191,22442,3,0
1410148800,476.61,13243475,71754,208613.1496,22520,3,0
1410321600,485.03,13250675,76417,212703.6035,22620,3,0
1410494400,470.43,13258750,66303,219521.0267,22693,3,0
1410667200,475.49,13267425,66033,252083.493,22766,3,0
1410840000,468,13275350,89326,250600.6489,22862,3,0
1411012800,428.19,13284700,79754,274326.1542,22949,3,0
1411185600,415.56,13293075,62315,256532.0252,23023,3,0
1411358400,400.98,13301375,68526,232806.52,23100,3,2.5
1411531200,431.91,13309225,81104,241703.5845,23189,3,0
1411704000,405.14,13317075,73278,260177.3531,23279,3,0
1411876800,380,13323750,62200,239501.0072,23362,3,0
1412049600,382.67,13331000,78590,261900.3819,23450,3,0
1412222400,375.85,13338325,74630,255008.2666,23537,3,0
1412395200,336,13345425,70430,246393.1225,23623,3,0
1412568000,331.2,13353875,75126,275684.6125,23709,3,0
1412740800,346.26,13360925,80324,225716.7765,23799,3,0
1412913600,358.97,13368450,84811,276657.2683,23886,3,0
1413086400,364.83,13375725,63946,257517.4572,23963,3,0
1413259200,411.89,13383050,81491,243597.5947,24056,3,0
1413432000,378.02,13390475,74010,260997.4229,24142,3,0
1413604800,389.68,13398050,69474,294057.0964,24221,3,0
1413777600,384.95,13404850,78443,240117.6291,24305,3,0
1413950400,385.1,13412625,79546,297537.0621,24396,3,0
1414123200,358.46,13420275,81643,291583.5085,24486,3,0
1414296000,355.43,13427325,70537,232551.2644,24567,3,0
1414468800,354.94,13434800,88600,268328.3821,24664,3,0
1414641600,337,13442725,93338,309472.0673,24762,3,0
1414814400,327.39,13451425,74548,286216.9409,24851,3,0
1414990800,325.81,13459400,84522,277272.6615,24946,3,0
1415163600,341.99,13467500,89249,314993.4284,25045,3,0
1415336400,342.26,13474725,89542,283494.0856,25148,3,0
1415509200,356.34,13482100,72217,273650.541,25237,3,0
1415682000,365.04,13489575,87338,277587.9588,25334,3,0
1415854800,406.56,13496600,100117,287431.5034,25443,3,0
1416027600,373.14,13504000,74831,295306.3392,25536,3,0
1416200400,378.48,13511425,85201,299243.757,25632,3,0
1416373200,374.77,13518600,87321,274455.5762,25729,3,0
1416546000,356.9,13525125,86577,248412.3463,25825,3,0
1416718800,362.99,13532600,75041,282468.8777,25913,3,0
1416891600,381.03,13539675,82813,256425.6478,26010,3,0
1417064400,372.62,13546525,82979,262435.624,26108,3,0
1417237200,377.22,13554175,81452,302502.1314,26201,3,0
1417410000,381.72,13561650,95220,286475.5284,26309,3,0
1417582800,378.25,13568225,97296,242402.3702,26421,3,0.54
1417755600,373.98,13575675,92900,298317.3202,26528,3,0
1417928400,375.73,13582350,77357,242631.4204,26618,3,0
1418101200,350.29,13589575,89587,276440.7167,26722,3,0
1418274000,356.1,13597300,85829,288373.4095,26822,3,0
1418446800,350.31,13604425,79512,284395.8452,26910,3,0
1418619600,352.15,13611550,95727,304283.6666,27017,3,0
1418792400,318.2,13618050,93704,252575.3311,27129,3,0
1418965200,317.63,13624625,92052,243219.9835,27241,3,0
1419138000,326.93,13631775,80829,284410.4645,27342,3,0
1419310800,336.96,13639050,99770,317755.1397,27452,3,0
1419483600,319.31,13647050,70684,331485.3001,27541,3,0
1419656400,314.45,13654650,78776,313832.2367,27624,3,0
1419829200,314.49,13663050,79812,331485.3001,27715,3,0
1420002000,317.4,13670575,83768,313142.2889,27805,3,0
1420174800,316.15,13678725,72234,323243.6531,27875,3,0
1420347600,270.93,13686975,85570,335365.2901,27971,3,0.74
1420520400,276.8,13695100,87160,317182.8346,28073,3,0
1420693200,276.8,13702175,99126,272736.8323,28176,3,0
1420866000,278,13709500,105895,284858.4693,28293,3,0
1421038800,270,13717275,98185,358478.281,28400,3,0
1421211600,176.5,13723675,104481,330062.3197,28518,3,0
1421384400,205.35,13730875,112530,325690.6334,28637,3,0
1421557200,211.18,13738025,87047,325690.6334,28740,3,0
1421730000,212.99,13744900,98890,262301.1812,28847,3,0
1421902800,233.9,13752075,94979,327876.4765,28955,3,0
1422075600,244.64,13758200,89630,264487.0244,29050,3,0
1422248400,271.47,13764525,105423,277602.0835,29167,3,0
1422421200,249.25,13772100,89287,324166.339,29270,3,0
1422594000,230.11,13779825,86360,285184.3109,29360,3,0
1422766800,220.72,13787950,79193,348786.5672,29454,3,0
1422939600,236.51,13795000,93499,276977.5681,29554,3,0
1423112400,217.37,13802700,90028,301597.7964,29650,3,0
1423285200,225.16,13811375,86207,352889.9386,29742,3,0
1423458000,220.39,13818450,95860,342533.0607,29849,3,0
1423630800,221.99,13825950,98701,331483.6071,29959,3,0
1423803600,239.94,13832850,107390,309384.7,30078,3,0
1423976400,243.99,13840225,85355,296125.3557,30212,3,0
1424149200,244,13848050,98899,342533.0607,30341,3,0
1424322000,241.59,13856175,96005,362422.0771,30456,3,0
1424494800,245.66,13863775,92541,304964.9185,30573,3,0.59
1424667600,237.09,13870975,96936,317934.932,30683,3,0
1424840400,238.59,13878325,104785,362028.0977,30794,3,0
1425013200,254,13885875,103395,366669.4836,30905,3,0
1425186000,247.56,13893000,86274,348103.9401,31019,3,0
1425358800,275.8,13900600,109142,357386.7119,31145,3,0
1425531600,265.63,13907375,96611,264558.9945,31259,3,0
1425704400,275.83,13914850,94270,327217.7037,31378,3,0
1425873600,287.48,13922050,96449,311208.0239,31488,3,0
1426046400,293.29,13929975,102856,391367.6664,31616,3,0
1426219200,289.51,13936775,96745,327711.4797,31733,3,0
1426392000,283.57,13943800,84477,346572.572,31833,3,0
1426564800,287.02,13950650,104238,337142.0259,31945,3,0
1426737600,260.62,13957750,102414,337142.0259,32061,3,0
1426910400,257.83,13964850,100458,337142.0259,32172,3,0
1427083200,266.07,13971975,106330,358360.7548,32283,3,0
1427256000,245.68,13980300,93930,385508.7702,32384,3,0
1427428800,248.63,13988325,106302,399442.8222,32492,3,0
1427601600,244.05,13995850,87456,350673.6404,32594,3,0
1427774400,242.92,14003125,105294,346028.9564,32706,3,0
1427947200,252.44,14010350,115686,341384.2724,32832,2,0
1428120000,253.77,14017975,94152,357640.6663,32944,2,0
1428292800,254.7,14024975,100949,317081.1503,33054,2,0
1428465600,245.89,14031925,108047,292501.2162,33172,2,0
1428638400,235.71,14039050,114091,349035.0647,33288,2,0
1428811200,236.76,14045875,88884,334287.1042,33389,2,0
1428984000,216,14053350,113372,388362.9593,33510,2,0
1429156800,229.62,14059875,104063,339203.091,33616,2,0
1429329600,222.32,14066550,100484,326913.124,33722,2,0
1429502400,224.63,14074100,115128,408026.9066,33832,2,0
1429675200,237.34,14081650,113657,338442.9619,33951,2,0
1429848000,230.93,14088100,110568,284008.0799,34068,2,0
1430020800,218.42,14095675,93761,352643.3659,34176,2,0
1430193600,222.66,14103050,112434,371577.2379,34294,2,0
1430366400,235.13,14109600,114070,314775.6219,34414,2,0.63
1430539200,234.13,14116950,96416,347909.8979,34523,2,0
1430712000,236.17,14123700,94120,312624.3333,34622,2,0
1430884800,235.79,14131125,113496,338676.3611,34739,2,0
1431057600,244.72,14138850,108365,350518.1919,34859,2,0
1431230400,239.35,14145225,90054,305519.2348,34963,2,0
1431403200,241.51,14152900,114424,374201.8535,35083,2,0
1431576000,238.32,14160450,101228,331571.2626,35193,2,0.54
1431748800,236.63,14167775,93025,303150.8687,35300,2,0
1431921600,236.45,14175525,97915,332393.9691,35405,2,0
1432094400,234.6,14182475,107683,344525.1358,35520,2,0
1432267200,240.5,14189850,100591,344525.1358,35627,2,0
1432440000,240.46,14196375,87996,342098.9025,35732,2,0
1432612800,235.94,14203350,106971,327541.5024,35850,2,0
1432785600,236.48,14210275,109786,320262.8023,35970,2,0
1432958400,231.12,14217300,132907,300852.9355,36102,2,0
1433131200,222.4,14224400,116959,332393.9691,36219,2,0
1433304000,226.29,14231600,125399,335928.1799,36356,2,0
1433476800,224.15,14238700,109700,335928.1799,36478,2,0
1433649600,222.6,14246900,88440,395070.4651,36587,2,0
1433822400,230.1,14254475,115633,383242.0081,36696,2,0
1433995200,229,14262300,125147,366682.1682,36845,2,0
1434168000,230.22,14269650,112813,373779.2424,36974,2,0
1434340800,236.46,14277025,122279,370533.2886,37102,2,0
1434513600,249.96,14283650,133747,350771.5132,37251,2,0
1434686400,246.45,14291525,125430,397705.7298,37396,2,0
1434859200,242.47,14297925,91203,301367.0748,37518,2,0
1435032000,243.92,14305200,128795,353241.7352,37680,2,0
1435204800,241.92,14312975,113329,395235.5079,37796,2,0
1435377600,248.5,14319875,108876,316188.4063,37919,2,0
1435550400,253.8,14326975,117119,336442.8851,38041,2,0
1435723200,257.85,14334175,150917,356089.185,38212,2,3
1435896000,255.1,14341725,138811,397837.5722,38356,3,0
1436068800,270.92,14349225,101714,356089.185,38473,3,0
1436241600,267.26,14357175,201921,363456.5474,38664,3,0
1436414400,270.68,14364475,187202,338898.6726,38875,3,0
1436587200,293.5,14372000,171652,356089.185,39085,3,0
1436760000,289.9,14379075,176542,368157.8914,39299,3,0
1436932800,290.95,14386400,122340,391009.0709,39504,3,0
1437105600,277.99,14393400,118048,365618.8715,39696,3,0
1437278400,276.09,14400975,134643,363079.8515,39888,3,0
1437451200,278.97,14408075,123367,355462.7917,40024,3,0
1437624000,276.64,14415475,111582,378313.9712,40158,3,0
1437796800,287.12,14423500,106038,397611.6003,40277,3,0
1437969600,290.79,14430825,111331,402809.1376,40414,3,0
1438142400,290.7,14438100,136195,387216.5258,40606,3,0
1438315200,284.78,14445000,133640,361228.8395,40820,3,0
1438488000,280.69,14453025,98976,408006.6749,41012,3,0
1438660800,285,14460300,132719,374222.6827,41182,3,0
1438833600,277.1,14466950,132494,363827.6082,41397,3,0
1439006400,269.89,14474425,104420,411296.57,41538,3,0
1439179200,264.07,14482175,110686,458451.5907,41659,3,0
1439352000,267.89,14489475,115754,322225.9752,41789,3,0
1439524800,266.99,14496550,107950,351042.9323,41911,3,0
1439697600,257.47,14503575,86583,385099.3362,42022,3,0
1439870400,253.91,14510800,120131,379859.8895,42148,3,0
1440043200,233.23,14518475,116834,406057.1232,42273,3,0
1440216000,226.04,14526150,107795,412658.0936,42393,3,0
1440388800,213.24,14533500,117026,423446.5405,42516,3,0
1440561600,228.84,14540825,125549,418052.317,42647,3,0
1440734400,234.17,14548275,121692,401869.6467,42770,3,0
1440907200,226.47,14556000,92338,388384.0881,42878,3,0
1441080000,228.32,14563775,140970,409960.9819,43021,3,0.53
1441252800,227.42,14571400,137446,407263.8701,43212,3,0
1441425600,234.67,14578975,137427,427538.3894,43334,3,0
1441598400,241.31,14586350,119041,385067.6885,43457,3,0
1441771200,240.08,14593350,128619,399224.5888,43646,3,0
1441944000,239.93,14601900,165288,489828.7508,43882,3,0
1442116800,229.86,14608800,139320,396393.2087,44065,3,0
1442289600,230,14616850,165993,461514.9501,44289,3,0
1442462400,234,14624100,241346,399224.5888,44490,3,0
1442635200,230.71,14631000,117999,389344.0727,44638,3,0
1442808000,226.56,14637300,124667,389344.0727,44768,3,0
1442980800,229.95,14645050,134964,442436.4463,44923,3,0
1443153600,235.79,14652725,130740,477831.362,45063,3,0
1443326400,232.85,14660125,107256,424738.9884,45189,3,0
1443499200,237.68,14667925,139440,510276.7014,45336,3,0
1443672000,238.98,14675650,135885,465548.4317,45487,3,5.14
1443844800,239.17,14682575,132880,459502.3481,45621,3,0
1444017600,239.22,14690050,117528,447410.1811,45737,3,0
1444190400,245.25,14697150,139516,408110.6381,45897,3,0
1444363200,244.78,14703900,119490,402064.5546,46069,3,0
1444536000,248.08,14711375,105878,453456.2646,46250,3,0
1444708800,249.58,14718225,133757,405087.5964,46405,3,0
1444881600,254.73,14726100,157228,493327.8751,46571,3,0
1445054400,269.07,14733250,139308,396478.2309,46737,3,0
1445227200,264.16,14740975,136583,502407.5292,46895,3,0
1445400000,269.1,14747775,161031,438849.9502,47065,3,0
1445572800,277.43,14755550,146222,466088.9126,47227,3,0
1445745600,295.01,14762900,128209,469115.464,47384,3,0
1445918400,294.73,14770650,141609,478195.1182,47544,3,0
1446091200,310.36,14777750,165622,458010.0135,47710,3,0
1446264000,310.92,14785650,155292,470388.6625,47878,3,0
1446440400,340.69,14793250,159656,448726.0267,48049,4,0
1446613200,437.05,14801075,211121,479672.6492,48272,4,0
1446786000,388.38,14808225,165214,423968.7287,48477,4,0
1446958800,381.51,14815800,134785,433252.7154,48644,4,0
1447131600,353.58,14823050,154030,442536.7022,48813,4,0
1447304400,331.6,14831125,154219,477906.8399,48991,4,0
1447477200,331.9,14839100,156065,497546.847,49153,4,0
1447650000,329.32,14847125,150942,576106.8755,49310,4,0
1447822800,334.46,14854650,168587,458266.8327,49490,4,0
1447995600,320.62,14862125,155128,520460.1886,49654,4,0
1448168400,322.33,14870925,126564,569560.2064,49808,4,0
1448341200,321.1,14878725,150056,549490.4932,49975,4,0
1448514000,348,14886625,164730,585641.1835,50148,4,0
1448686800,353.88,14894000,171602,527800.079,50322,4,0
1448859600,372.53,14901675,172183,542260.3551,50492,4,0
1449032400,360.98,14910150,177277,531415.148,50692,4,0
1449205200,360.88,14917400,160944,527800.079,50869,4,0
1449378000,390.04,14925900,179777,621791.8738,51071,4,0
1449550800,394.99,14933650,192097,625219.9086,51275,4,0
1449723600,415.64,14942975,211452,770711.3338,51501,4,0
1449896400,426.06,14951525,211456,656677.514,51720,4,0
1450069200,445.6,14959650,221499,692067.3202,51934,4,0
1450242000,454.43,14968675,222531,660609.7147,52160,4,0
1450414800,458.95,14976650,214387,629152.1093,52368,4,0
1450587600,434.98,14984750,191441,785065.6071,52566,4,0.44
1450760400,435.98,14992125,223130,654995.5657,52789,4,0
1450933200,453.95,14999975,227189,692158.4347,53009,4,0
1451106000,417.99,15007975,170904,864036.7037,53184,4,0
1451278800,423.98,15016875,166837,747902.7381,53367,4,0
1451451600,428,15025000,181836,803647.0416,53564,4,0
1451624400,432.33,15031975,123623,697129.1664,53710,4,0.3
1451797200,428.13,15039125,141064,769424.0429,53867,3,0
1451970000,431.9,15047575,187012,841718.9194,54067,3,0
1452142800,453.71,15054575,177873,743604.4442,54257,3,0
1452315600,450.15,15062925,178374,821063.2404,54462,3,0
1452488400,447.11,15071425,179771,877866.3577,54660,3,0
1452661200,429.57,15079650,191628,862135.5394,54864,3,0
1452834000,391.62,15086025,185105,693089.3552,55057,3,0
1453006800,385.45,15092975,192731,783247.3201,55265,3,0
1453179600,378.66,15101075,205735,839596.0482,55493,3,0
1453352400,408,15108075,210240,755072.9561,55731,3,0
1453525200,388.5,15116675,200913,1008642.232,55959,3,0
1453698000,387.09,15125150,210592,974832.9956,56170,3,0
1453870800,394.45,15133100,226385,918901.0182,56405,3,0
1454043600,377.26,15141050,222622,1014371.254,56637,3,0
1454216400,376.86,15149950,168625,1068073.261,56843,3,0
1454389200,373.48,15158450,231998,978569.9154,57103,3,0
1454562000,385.06,15167425,201065,1103874.6,57341,3,0
1454734800,373.04,15176700,232752,1139675.938,57579,3,0
1454907600,375.8,15185275,220559,1153414.864,57821,3,0
1455080400,378.98,15193725,233941,1210727.404,58066,3,0
1455253200,381.46,15202500,202906,1139086.729,58293,3,0
1455426000,402.38,15210825,188927,1289532.147,58497,3,0
1455598800,406.69,15218250,218780,1067446.055,58717,3,0
1455771600,418.97,15226250,212765,1289532.147,58945,3,0
1455944400,439.48,15233675,225259,1284099.851,59169,3,0
1456117200,438.5,15240075,224964,1056537.852,59385,3,0
1456290000,423.1,15246525,225112,999647.3525,59615,3,0
1456462800,424.34,15253900,209880,1219082.137,59849,3,0
1456635600,433.47,15260900,224697,1210954.923,60050,3,0
1456808400,431.87,15267475,260619,1040283.424,60285,3,0
1456981200,421.44,15274725,221257,1080919.495,60549,3,0
1457154000,401,15282500,238117,1292227.065,60798,3,0
1457326800,411.94,15289850,183530,1220696.147,60990,3,0
1457499600,413.1,15297325,187623,1299450.738,61206,3,0
1457672400,421.22,15305425,193874,1283699.82,61420,3,0
1457845200,412.44,15312325,141116,1031685.131,61581,3,0
1458014400,414.78,15319900,197677,1197069.77,61796,3,0
1458187200,418.64,15327525,206973,1063186.967,62004,3,0
1458360000,405.59,15334350,188863,1110630.46,62196,3,0
1458532800,410.49,15341275,189228,1036588.429,62388,3,5.8
1458705600,417.8,15348775,187877,1242260.737,62595,3,0
1458878400,416.44,15356175,173609,1192899.383,62789,3,0
1459051200,426.8,15363675,161486,1258714.521,62971,3,0
1459224000,414,15371475,191841,1398571.69,63195,3,5.5
1459396800,416.94,15378575,208976,1028361.537,63427,3,0
1459569600,418.07,15385750,196651,1244135.057,63650,3,0
1459742400,418.99,15393525,200979,1360254.329,63865,3,0
1459915200,421.09,15401125,218585,1285606.226,64091,3,0
1460088000,422.2,15408300,215441,1169486.954,64300,3,0
1460260800,421.63,15416700,181662,1443196.666,64500,3,0
1460433600,425.89,15424275,240200,1260723.524,64733,3,0
1460606400,423.76,15432325,230281,1465554.23,64970,3,0
1460779200,429.43,15439525,192621,1270147,65179,3,0
1460952000,427.28,15446725,203165,1199089.825,65383,3,0
1461124800,442.34,15455525,216780,1465554.23,65610.99277,3,0
1461297600,447.25,15462875,210976,1270147,65832.30556,3,0
1461470400,459.4,15469775,183155,1172443.384,66022.67805,3,0
1461643200,467.98,15476725,250744,1341204.175,66256.52779,3,0
1461816000,450,15483325,247958,1207843.183,66491.60486,3,0
1461988800,447.17,15490925,215712,1296655.182,66730.63684,3,0
1462161600,443.9,15498725,223785,1394348.38,66945.54349,4,0
1462334400,447.37,15506675,233693,1492041.579,67182.12147,4,0
1462507200,460.91,15514600,233232,1438754.38,67403.42256,4,0
1462680000,457.82,15522500,185562,1447635.58,67595.69964,4,0
1462852800,450,15530775,245721,1403229.58,67820.90615,4,0
1463025600,454.7,15537575,228409,1342247.87,68037.45641,4,0
1463198400,455.65,15544975,211280,1390530.167,68270.36326,4,0
1463371200,454.88,15551975,239809,1361560.789,68506.3168,4,0
1463544000,452.9,15559325,235084,1487094.762,68763.34241,4,0
1463716800,441.25,15566050,209396,1438812.464,68995.4656,4,0
1463889600,438,15574175,184348,1776788.547,69232.19759,4,0
1464062400,445.34,15582350,246517,1456454.923,69473.75354,4,0
1464235200,452.49,15589175,220093,1357376.357,69707.64856,4,0
1464408000,522.43,15595975,193054,1317744.93,69954.26623,4,0
1464580800,525.15,15603250,211369,1436639.21,70183.64685,4,0
1464753600,539.47,15610000,234385,1426731.353,70414.77807,4,18.1
1464926400,568,15617000,234669,1406915.64,70647.10506,5,0
1465099200,574.02,15624225,190528,1694243.482,70852.03776,5,0
1465272000,577.54,15631975,248576,1406915.64,71085.9494,5,0
1465444800,575.2941375,15639700,236353,1608133.931,71320.37444,5,0
1465617600,594.4399875,15647200,213159,1520417.535,71547.43125,5,0
1465790400,702.0665,15654875,251354,1569148.866,71816.03024,5,0
1465963200,692.289625,15661975,262510,1500925.002,72084.51966,5,0
1466136000,743.9164,15669425,253752,1452193.671,72365.89982,5,0
1466308800,760.8168,15677800,218298,1725089.126,72631.98898,5,0
1466481600,665.9586125,15685625,248164,1551383.975,72896.27858,5,0
1466654400,624.542,15692350,241300,1457676.218,73147.03805,5,0
1466827200,664.9068875,15699625,210998,1728387.516,73402.01625,5,0
1467000000,646.7030125,15706950,217029,1530560.029,73628.53964,5,0
1467172800,637.959625,15714300,224112,1520148.056,73853.64116,5,0
1467345600,675.1863375,15721925,210409,1634679.759,74091.29198,5,0
1467518400,658.4175,15729500,177127,1603443.84,74289.47565,4,0
1467691200,666.4855875,15736900,214959,1538177.127,74515.54207,4,0
1467864000,636.3588625,15743825,216812,1463920.3,74740.6786,4,0.56
1468036800,651.8649125,15750587.5,185405,1580609.599,74951.80604,4,0
1468209600,647.9837,15754325,218089,1516960.891,75156.63297,4,0
1468382400,657.4524875,15757725,218093,1379055.355,75374.00218,4,0
1468555200,664.57145,15761175,216081,1432095.946,75594.2611,4,0
1468728000,675.45905,15765000,171013,1580609.599,75808.0463,4,0
1468900800,672.8432,15768450,222146,1358434.534,76040.4517,4,0
1469073600,664.882075,15771987.5,217606,1411498.383,76267.9026,4,0
1469246400,655.8469125,15775237.5,195796,1390272.843,76487.60276,4,0
1469419200,654.69545,15778425,240533,1400885.613,76707.9403,4,0
1469592000,654.9810375,15781637.5,235603,1358434.534,76945.00209,4,0
1469764800,656.8876125,15785175,231414,1560077.16,77185.92206,4,0
1469937600,628.015375,15788587.5,192254,1634366.548,77411.83523,4,0
1470110400,515.0619,15792425,252252,1555605.722,77669.74284,3,0
1470283200,577.3157714,15796412.5,231835,1535533.39,77922.50747,3,0
1470456000,588.2312714,15800600,196551,1676039.713,78144.10785,3,0
1470628800,592.6975,15804300,236291,1495388.726,78383.026,3,0
1470801600,592.1899,15807737.5,245581,1525497.224,78619.54178,3,0
1470974400,587.7556,15811475,232973,1495388.726,78868.59862,3,0
1471147200,570.9764143,15815550,200577,1645931.215,79082.46666,3,0
1471320000,581.1185875,15819062.5,256447,1469587.965,79325.90137,3,0.9
1471492800,576.0360875,15822525,239541,1664092.254,79565.75121,3,0
1471665600,583.2078625,15826387.5,210352,1685703.842,79799.2053,3,0
1471838400,588.9727625,15830400,229801,1718121.224,80024.44449,3,0
1472011200,582.8479875,15834137.5,237956,1653286.46,80262.25736,3,0
1472184000,581.07245,15837412.5,226767,1426364.789,80486.56704,3,0
1472356800,576.534,15841112.5,174489,1642480.667,80677.97723,3,0
1472529600,578.616575,15845025,254486,1810682.895,80927.88734,3,0
1472702400,572.818375,15848450,238207,1547310.837,81160.05139,3,0
1472875200,600.8860875,15851937.5,182204,1382703.301,81368.24169,3,0
1473048000,608.10975,15855925,227683,1536337.002,81595.18816,3,3.66
1473220800,614.4637625,15859525,250809,1668023.03,81836.11174,3,3.5
1473393600,625.0709,15863100,222094,1569258.509,82069.79215,3,0
1473566400,608.15855,15867087.5,180391,1799709.059,82267.05726,3,0
1473739200,610.928125,15871187.5,241215,1863551.353,82509.42602,3,0
1473912000,610.386125,15875062.5,233488,1728836.797,82744.60103,3,0
1474084800,608.006875,15878837.5,215529,1829872.714,82976.23872,3,0
1474257600,610.1965,15882312.5,223540,1493086.325,83185.65375,3,0
1474430400,598.884875,15886275,239216,1863551.353,83423.91574,3,0
1474603200,604.2225,15889737.5,223187,1526764.964,83640.95532,3,0
1474776000,601.7472375,15894125,197298,2230413.265,83853.78103,3,0
1474948800,605.9622125,15898125,243008,2026558.289,84100.53551,3,0
1475121600,606.36375,15901762.5,242730,1714780.091,84335.40957,3,0
1475294400,614.8238,15905500,213930,1882660.659,84566.83681,3,0
1475467200,611.8511,15909150,260813,1822703.313,84799.69574,3,0
1475640000,612.3522875,15913212.5,266811,2002575.351,85061.6264,3,0
1475812800,617.21035,15917012.5,268419,1726771.56,85319.88779,3,0
1475985600,615.65675,15921125,210548,2056197.685,85557.69809,3,1.15
1476158400,639.30995,15924412.5,263565,1786321.738,85793.20071,3,0
1476331200,635.9650875,15927812.5,229703,1644958.148,86035.43462,3,0
1476504000,637.9498571,15931287.5,210448,1824875.445,86263.21162,3,0
1476676800,638.1833875,15934475,237232,1606404.441,86478.07748,3,4.7
1476849600,629.253675,15937975,201025,1619255.677,86710.48745,3,0
1477022400,631.9242125,15941700,265355,2107602.627,86971.20139,3,0
1477195200,653.0028625,15945362.5,191578,1815470.125,87203.58497,3,0
1477368000,655.31995,15948887.5,237030,1752432.968,87461.54196,3,0
1477540800,682.2239625,15952637.5,326388,2042403.891,87755.38247,3,0
1477713600,714.89545,15956400,229689,1878507.282,87994.67553,3,0
1477886400,702.0015125,15960337.5,241778,1853292.419,88219.87521,3,0
1478059200,733.336125,15963800,268418,1676788.379,88463.48396,4,0
1478232000,703.6940875,15967187.5,248043,1462462.045,88704.44553,4,0
1478404800,712.00325,15970937.5,228420,1949214.677,88935.37737,4,4.13
1478581200,708.974875,15974875,296060,2139073.25,89211.23726,4,0
1478754000,713.690125,15978812.5,271374,2126416.012,89477.49389,4,0
1478926800,703.718,15982950,228886,2126416.012,89719.87607,4,0
1479099600,706.467875,15986875,270506,2177044.964,89966.36718,4,0
1479272400,736.914375,15990962.5,291186,2177044.964,90235.75067,4,0
1479445200,747.5217625,15994800,275925,2073243.137,90516.59022,4,0
1479618000,729.066625,15998175,246537,1807083.545,90754.19167,4,1.98
1479790800,748.749375,16001587.5,285635,1877125.543,91011.90863,4,0
1479963600,737.450375,16005450,333466,2297377.53,91307.89094,4,0
1480136400,733.673,16009262.5,279374,2157293.535,91596.52776,4,0
1480309200,733.052125,16013112.5,298530,2297377.53,91863.91865,4,0
1480482000,742.6967625,16016750,292654,1989192.74,92130.22529,4,1.58
1480654800,772.43725,16020362.5,318263,2052749.317,92402.2012,5,0
1480827600,764.81625,16024362.5,245650,2109770.131,92680.54534,5,0.45
1481000400,756.6215,16028137.5,319762,2138280.538,92959.12812,5,0
1481173200,769.72975,16032275,282711,2238066.963,93247.45374,5,0
1481346000,773.40125,16035612.5,250241,1881686.874,93491.64704,5,0
1481518800,777.006875,16039900,268662,2223811.76,93746.28886,5,0
1481691600,774.897,16043862.5,286328,1981473.299,94016.66758,5,0
1481864400,781.568375,16047112.5,279361,2050571.629,94266.56676,5,0
1482037200,788.40575,16050675,235789,2173914.283,94506.06919,5,0.05
1482210000,793.0901375,16054287.5,296473,2127660.788,94779.1114,5,0
1482382800,860.599875,16058262.5,314644,2451435.255,95078.63589,5,0.65
1482555600,891.6126125,16061875,240820,2112242.956,95330.73017,5,0
1482728400,897.335375,16065712.5,244914,2189332.115,95560.39644,5,0.3
1482901200,967.480375,16069712.5,305394,2589949.671,95839.58289,5,0.3
1483074000,952.156375,16073550,286818,2479403.038,96117.50069,5,0
1483246800,997.729875,16077350,180502,2463610.662,96345.4524,5,0
1483419600,1023.141875,16081387.5,301664,2589949.671,96645.36425,7,0
1483592400,994.674875,16085050,288501,2210932.646,96935.01754,7,0
1483765200,896.830375,16088787.5,284719,2195140.27,97230.73456,7,0
1483938000,894.18025,16092575,269947,2147763.141,97491.60304,7,0
1484110800,785.2237375,16096487.5,303058,2562350.134,97786.37982,7,0
1484283600,826.2956625,16100512.5,275149,2528855.361,98052.33795,7,0
1484456400,822.2076,16104750,235999,2796813.545,98293.16411,7,0
1484629200,903.84575,16108837.5,292697,2646087.067,98563.56092,7,0
1484802000,895.798875,16112887.5,300605,2914045.251,98843.81547,7,0
1484974800,920.4479,16117512.5,263562,3031276.956,99105.7741,7,0
1485147600,922.0736125,16121412.5,236692,2715269.052,99349.54495,7,0
1485320400,893.045625,16125137.5,305961,2930146.459,99642.80628,7,0
1485493200,919.27975,16129200,263332,3320832.653,99941.14444,7,0
1485666000,915.933,16133187.5,241627,3262229.724,100218.5553,7,0
1485838800,964.706075,16136800,307683,2832474.91,100497.222,7,0
1486011600,1007.613713,16141162.5,259559,3066886.627,100825.4728,6,0
1486184400,1030.999413,16144825,286326,3043000.843,101108.2334,6,0
1486357200,1024.01375,16148375,230027,2623276.589,101382.9468,6,0
1486530000,1052.376613,16152087.5,308316,3063987.056,101666.0694,6,0
1486702800,999.1035,16156037.5,304456,3105959.481,101970.8658,6,0
1486875600,1000.604625,16159525,238182,2959055.992,102227.1245,6,0
1487048400,1011.78025,16163675,315084,3546669.948,102525.0497,6,5.4
1487221200,1035.208125,16167300,285329,3189904.332,102803.7873,6,0
1487394000,1056.637137,16171075,288149,3330515.744,103096.3747,6,0
1487566800,1084.755013,16174600,282728,3242870.593,103361.9097,6,0
1487739600,1123.223188,16178050,284024,3045669.003,103628.8102,6,0
1487912400,1174.86625,16181962.5,350751,3637273.773,103934.2146,6,0
1488085200,1175.04975,16186275,265203,3900209.227,104259.6638,6,0.29
1488258000,1187.565286,16189987.5,325414,3352427.032,104543.9051,6,2.3
1488430800,1259.410817,16193750,329428,3440072.183,104834.9332,7,0
1488603600,1267.0272,16197287.5,268875,3069265.85,105115.8474,7,0
1488776400,1275.197375,16200900,287731,3252505.602,105397.4984,7,0
1488949200,1157.3933,16204587.5,297108,3252505.602,105685.7308,7,0
1489122000,1098.617129,16208387.5,308482,3573175.168,105987.2411,7,0
1489294800,1227.494625,16212187.5,221110,3550270.199,106284.7027,7,0
1489464000,1245.370786,16215950,310395,3573175.168,106577.3613,7,0
1489636800,1180.945657,16219637.5,327034,3504460.261,106868.2907,7,0
1489809600,952.2323625,16223525,263530,3712647.139,107169.5065,7,0
1489982400,1049.084488,16227287.5,277033,3216051.025,107450.1236,7,0
1490155200,1028.726863,16231050,320713,3807236.875,107747.7189,7,0
1490328000,941.9197143,16235100,289521,4161948.385,108043.6611,7,0
1490500800,956.7863125,16238837.5,221915,3925474.045,108281.0105,7,0
1490673600,1046.127625,16242425,294001,3665352.271,108552.7169,7,0
1490846400,1037.90455,16246200,288788,4073274.033,108844.8726,7,0.19
1491019200,1086.929571,16249537.5,255871,3278488.856,109102.2083,7,0
1491192000,1141.813,16253712.5,288141,4371318.475,109387.0221,6,5.63
1491364800,1133.079314,16257300,316555,4023599.96,109665.8858,6,0.39
1491537600,1190.45425,16261162.5,295463,4023599.96,109967.9833,6,0
1491710400,1208.8005,16264862.5,238286,3949088.849,110248.6286,6,0
1491883200,1226.617038,16268787.5,307893,4147785.144,110545.3018,6,0
1492056000,1180.023713,16272150,228679,3287972.007,110808.3949,6,0
1492228800,1184.880671,16275762.5,271976,3909321.047,111096.4685,6,0
1492401600,1205.634875,16279312.5,245184,3572756.984,111360.3202,6,0
1492574400,1217.930088,16282925,310104,3702204.7,111640.5715,6,12.12
1492747200,1258.361413,16286737.5,330354,4323553.741,111938.9622,6,0
1492920000,1257.988113,16290462.5,245039,3961100.134,112225.0395,6,0
1493092800,1279.414688,16293862.5,325387,3831652.417,112487.4322,6,0
1493265600,1345.353913,16297612.5,297884,3814281.634,112778.3658,6,12.73
1493438400,1334.979038,16301475,341319,4488916.48,113081.9952,6,0
1493611200,1417.172813,16305237.5,294786,3892124.116,113375.3643,6,0.35
1493784000,1507.576857,16308862.5,295149,3425069.222,113661.6203,15,0
1493956800,1533.335071,16312575,267193,3347226.74,113948.7568,15,0
1494129600,1535.868429,16316762.5,316011,4333231.516,114271.9933,15,4.16
1494302400,1721.284971,16320950,332879,4021861.587,114599.3662,15,0
1494475200,1820.990563,16324487.5,294743,3757901.049,114871.2385,15,0
1494648000,1771.920013,16328387.5,329266,4398136.043,115169.1481,15,0
1494820800,1723.126938,16332562.5,329229,4732171.692,115494.0832,15,3.97
1494993600,1807.485063,16336150,317527,4314627.131,115774.8377,15,44.1
1495166400,1961.520488,16339975,319502,4565153.868,116072.519,15,0
1495339200,2046.534463,16343875,326057,4091936.698,116377.6926,15,0
1495512000,2287.710288,16347800,367710,4976737.782,116683.2646,15,0
1495684800,2387.206286,16351762.5,350114,4828620.586,116991.9598,15,82.29
1495857600,2014.052963,16355775,331914,4976737.782,117305.2178,15,0
1496030400,2275.9307,16359725,321638,4473139.316,117614.2479,15,0
1496203200,2285.933914,16364012.5,321634,4858244.025,117949.9541,15,40.3
1496376000,2446.142414,16367962.5,271539,4325022.12,118259.5413,15,0.08
1496548800,2516.173143,16372375,266044,5432357.042,118606.0631,15,0
1496721600,2883.313697,16376312.5,297416,5094943.561,118913.7264,15,11.75
1496894400,2792.999188,16380437.5,307377,5567322.434,119237.446,15,3.49
1497067200,2845.372857,16384087.5,254993,4757530.08,119520.7207,15,0
1497240000,2657.675063,16387750,269098,4959978.169,119800.9965,15,153
1497412800,2447.041563,16391262.5,287644,4723788.732,120074.4842,15,0
1497585600,2464.959814,16395025,269937,4993719.517,120372.122,15,0
1497758400,2507.389252,16398650,209359,5129905.644,120650.8617,15,10.29
1497931200,2754.97825,16402262.5,269438,4882255.027,120933.0586,15,0
1498104000,2727.288013,16405750,269685,4917633.687,121208.655,15,33
1498276800,2589.164888,16409575,227127,5165284.304,121499.1524,15,83.11
1498449600,2436.451057,16412875,261906,5023769.665,121752.5206,15,2.02
1498622400,2585.349186,16416475,279811,5554449.56,122034.9001,15,0.38
1498795200,2477.641375,16419900,267360,5448313.581,122298.1929,15,14.06
1498968000,2501.191343,16424300,196539,6622798.791,122589.5227,13,0
1499140800,2599.729838,16428337.5,255483,5389830.931,122865.4491,13,37.69
1499313600,2609.96775,16431975,225106,5002326.746,123136.7658,13,0.92
1499486400,2562.130662,16435887.5,220835,5812562.768,123417.1685,13,0
1499659200,2366.170143,16440075,251722,6939847.669,123667.7072,13,0
1499832000,2385.748571,16444450,257138,6235294.606,123977.7327,13,25.37
1500004800,2190.947833,16448150,227903,5559049.844,124237.1494,13,0.14
1500177600,1931.2143,16451775,203165,6518885.788,124497.9367,13,5.92
1500350400,2320.12225,16455687.5,260575,6598872.117,124796.1449,13,0
1500523200,2898.188417,16459575,230199,6478892.624,125086.6725,13,0.43
1500696000,2807.609857,16463500,223358,6398906.295,125385.1768,13,0
1500868800,2751.821029,16467875,240072,7118783.254,125661.9208,13,0
1501041600,2495.028586,16471562.5,237853,5878995.159,125942.3892,13,11.15
1501214400,2781.636583,16475362.5,247207,6414280.018,126222.1542,13,14.43
1501387200,2745.955417,16479162.5,184145,6285994.418,126478.2096,13,0
1501560000,2710.413067,16482837.5,131875,6371518.151,126720.6528,13,15.6
1501732800,2794.117717,16486462.5,213017,5901137.617,126974.0234,21,0
1501905600,3218.115017,16490912.5,239771,7568850.421,127295.4238,21,0
1502078400,3407.226833,16494575,249002,6542565.619,127549.9104,21,6.98
1502251200,3357.326317,16498350,260955,6333394.737,127842.1819,21,0
1502424000,3632.506667,16501825,284001,6608759.726,128112.9462,21,0
1502596800,4125.54802,16505362.5,263310,6792336.385,128390.7662,21,0
1502769600,4217.028329,16508887.5,311002,6975913.044,128663.1609,21,0
1502942400,4328.725717,16512750,347319,8215055.493,128964.0196,21,26.14
1503115200,4222.662214,16516500,266832,6930018.879,129252.9924,21,0
1503288000,4043.722,16519562.5,236772,5277828.948,129490.2768,21,11.97
1503460800,4174.95,16522662.5,315734,7297172.197,129735.9696,21,0
1503633600,4363.05445,16525187.5,208169,4459277.508,129924.5916,21,0
1503806400,4354.308333,16528437.5,261891,6843445.68,130182.9788,21,6.58
1503979200,4607.98545,16531912.5,281116,6578538.105,130458.295,21,0
1504152000,4748.255,16536050,280724,7196655.78,130783.5091,21,27.82
1504324800,4580.38748,16540275,236811,7240807.042,131085.2923,21,0
1504497600,4344.098317,16544387.5,269280,7726470.929,131365.561,21,0
1504670400,4641.822017,16548875,276225,7430760.766,131662.4534,21,23.42
1504843200,4310.750183,16553262.5,279488,8027056.383,131964.8285,21,0
1505016000,4329.955,16557100,193240,6329907.319,132196.7119,21,282.18
1505188800,4219.036617,16561625,256230,8623352,132474.7321,21,62.31
1505361600,3319.63,16566175,268068,7981187.489,132749.9594,21,13.94
1505534400,3763.62604,16570537.5,228257,7751843.021,133020.3917,21,70.13
1505707200,4093.316667,16574325,218204,6965995.452,133238.5524,21,0.12
1505880000,3977.561667,16577737.5,235723,6417491.873,133498.7528,21,6.14
1506052800,3637.50255,16581675,227615,7624199.746,133745.2933,21,13.5
1506225600,3703.04065,16585562.5,185277,7953301.894,133945.1863,21,0
1506398400,3910.307383,16588850,263648,7569349.388,134192.5259,21,0
1506571200,4201.98905,16592900,275976,9708513.346,134466.7043,21,0.16
1506744000,4335.368317,16596737.5,212678,7569349.388,134715.9473,21,0
1506916800,4386.88375,16600237.5,295002,8380132.04,134984.8428,24,0
1507089600,4225.175,16604200,232826,7486251.289,135257.3472,24,0
1507262400,4345.603333,16607750,283699,8882939.962,135530.9507,24,0
1507435200,4602.280883,16612000,238385,10167893.54,135802.2434,24,0
1507608000,4782.28,16616012.5,303101,8938807.509,136104.8944,24,0
1507780800,5325.130683,16619662.5,293164,8547734.68,136395.6957,24,0
1507953600,5739.438733,16623125,293140,7877324.117,136679.4372,24,0
1508126400,5711.205867,16627737.5,314725,10351762.43,137013.4128,24,0
1508299200,5546.1761,16631675,329579,8983426.015,137328.8566,24,0
1508472000,5979.45984,16636137.5,312409,10649226.87,137683.5452,24,0
1508644800,5983.18455,16640325,289131,10827705.53,138025.6393,24,0
1508817600,5505.827767,16644550,347220,9935312.215,138365.7296,24,0
1508990400,5893.138417,16649112.5,265827,12999790.29,138676.9437,24,0
1509163200,5776.69695,16651475,207066,6138789.858,138869.9299,24,0
1509336000,6105.87422,16655237.5,316077,10616495.4,139177.8941,24,0
1509508800,6665.306683,16658325,241788,7872095.229,139434.7178,24,0
1509681600,7197.72006,16662275,277598,8594305.801,139714.8733,46,0
1509854400,7377.012367,16665662.5,251728,10183169.06,139995.5616,46,0
1510030800,7092.127233,16669275,335636,11266484.92,140294.6025,46,0
1510203600,7158.03706,16672987.5,341281,11049821.74,140599.2596,46,0
1510376400,6362.851033,16675487.5,194634,5426063.163,140809.9213,46,0
1510549200,6550.227533,16678237.5,309299,9495610.536,141040.0207,46,0
1510722000,7301.42992,16681737.5,321788,10309520.01,141330.5078,46,0
1510894800,7786.884367,16685725,306617,11326906.85,141658.738,46,0
1511067600,8007.654067,16689425,264855,10852126.33,141968.114,46,0
1511240400,8059.8,16693775,371091,11733861.59,142329.0531,46,0
1511413200,8148.95,16697587.5,352207,10648648.96,142626.033,46,0
1511586000,8707.407267,16701400,336689,10445729.47,142945.7424,46,0
1511758800,9718.29505,16705437.5,379256,11383166.73,143283.26,46,0
1511931600,9879.328333,16709550,398090,11584046.14,143633.2004,46,0
1512104400,10883.912,16713925,412908,12253644.19,144007.0664,46,0
1512277200,11332.622,16718137.5,353044,11784925.56,144358.2485,100,0
1512450000,11878.43333,16722625,405709,11918845.17,144740.0521,100,0
1512622800,16501.97167,16726862.5,372345,11941671.2,145096.9953,100,0
1512795600,15142.83415,16731000,403399,13760601.25,145443.9267,100,0
1512968400,16762.11667,16735187.5,368598,13523349.5,145798.5226,100,0
1513141200,16808.36667,16739462.5,424579,14709608.23,146160.7015,100,0
1513314000,17771.9,16743887.5,405676,13365181.67,146532.233,100,0
1513486800,19289.785,16748337.5,391910,14630524.31,146905.5076,100,0
1513659600,17737.11167,16752362.5,378622,13035760.95,147243.5803,100,0
1513832400,16047.51,16755712.5,335482,12290860.32,147526.5885,100,0
1514005200,15360.26167,16759387.5,308211,12942648.37,147838.5932,100,0
1514178000,14119.02833,16762975,228926,12570198.06,148142.1936,100,0
1514350800,15589.32167,16766700,307642,14525562.2,148457.8829,100,0
1514523600,14640.14,16770625,353824,15363575.41,148792.1595,100,0
1514696400,14165.575,16774500,290422,15177350.25,149113.6214,100,0
1514869200,15005.85667,16778587.5,340980,16415540.67,149454.463,59,0
1515042000,15199.355,16782650,425008,16127548.73,149800.8084,59,0
1515214800,17319.198,16786537.5,358847,16127548.73,150130.6547,59,0
1515387600,15265.90667,16790637.5,345672,15935554.1,150474.7959,59,0
1515560400,15126.39833,16794762.5,347393,15935554.1,150823.4106,59,0
1515733200,13912.882,16799400,300091,17087521.86,151215.1653,59,0
1515906000,13852.92,16803200,235045,17165770.55,151529.1982,59,0
1516078800,11180.99833,16807062.5,303725,17608758.18,151855.0564,59,0
1516251600,11345.42333,16811312.5,309495,19159214.88,152214.2425,59,0
1516424400,12950.79333,16815600,240611,19712949.41,152584.1906,59,0
1516597200,10544.59333,16820025,245562,18494733.44,152966.2151,59,0
1516770000,11282.25833,16824437.5,250423,19491455.6,153343.985,59,0
1516942800,10969.815,16828350,220459,20056949.54,153681.0239,59,0
1517115600,11765.71,16832287.5,213446,20445148.56,154006.9753,59,0
1517288400,10184.06167,16836225,236609,21609745.63,154322.579,59,0
1517461200,9083.258333,16839687.5,257664,20703947.91,154613.2244,59,0
1517634000,9076.678333,16843762.5,194891,20445148.56,154942.4583,42,0
1517806800,6838.816667,16848300,216363,23938939.78,155322.7709,42,0
1517979600,8099.958333,16852187.5,213719,20149017.21,155655.3629,42,0
1518152400,8535.516667,16855512.5,177860,19291612.22,155937.9769,42,0
1518325200,8343.455,16859187.5,147208,21578025.52,156237.997,42,0
1518498000,8597.7675,16863312.5,182984,23435736.33,156580.2562,42,0
1518670800,9977.154,16867187.5,198183,18720008.9,156901.4609,42,0
1518843600,10841.99167,16871012.5,173789,21292223.86,157201.813,42,0
1519016400,11110.965,16875062.5,187367,23149934.67,157522.4679,42,0
1519189200,10532.79167,16878937.5,205201,25265138.83,157831.4773,42,0
1519362000,10162.11667,16882650,185193,22125683.71,158117.3332,42,0
1519534800,9696.593333,16886600,144869,25564134.55,158387.8154,42,0
1519707600,10763.88333,16890362.5,219624,23919658.06,158688.9125,42,0
1519880400,11009.38167,16894362.5,233744,24667147.38,159028.5757,42,0