1,0,5027250,594,0.1281620677,10,0.5,0
2,0,5044450,853,0.1329459919,10,0.5,0
3,-0.001,5059050,1192,0.1215969438,10,0.5,0
4,0.023002,5073600,880,0.116733066,10,0.5,0
5,0.000998,5090800,1193,0.1232182364,10,0.5,0
6,0.006002,5107250,1262,0.1313246993,10,0.5,0
7,0.076,5124850,1271,0.149969564,10,0.5,0
1,-0.005,5142150,932,0.1576449271,10,0.5,0
2,0,5159450,816,0.1585614674,10,0.5,0
3,-0.0599,5176100,967,0.1622276285,10,0.5,0
4,0.0999,5193400,1047,0.1631441688,10,0.5,0
5,0.0043,5210100,1073,0.1558118466,10,0.5,0
6,-0.0193,5226900,965,0.1429802828,10,0.5,0
7,-0.0076,5244650,900,0.1750786258,10,0.5,0
1,0.0286,5260300,1290,0.1641362117,10,0.5,0
2,0.054,5276000,1815,0.1641362117,10,0.5,0
3,0.340099,5293050,1004,0.1772671087,10,0.5,0
4,0.039901,5310000,918,0.2079058682,10,0.5,0
5,0.04,5327900,857,0.191492247,10,0.5,0
6,-0.02,5346800,842,0.2222861988,10,0.5,0
7,0.2,5365400,1866,0.2442563464,10,0.5,0
1,-0.0101,5384450,1903,0.245548708,10,0.5,0
2,-0.0099,5403950,1978,0.2403792615,10,0.5,0
3,-0.02981,5426100,2062,0.2985355345,10,0.5,0
4,0,5448900,2086,0.3914850549,10,0.5,0
5,-0.095294,5467100,1698,0.3407369922,10,0.5,0
6,-0.085397,5487000,2152,0.3842353317,10,0.5,0
7,0.080401,5509850,1957,0.3878601933,10,0.5,0
1,0.038667,5533500,1964,0.4549201332,10,0.5,0
2,-0.039336,5555400,1932,0.4614827791,10,0.5,0
3,0.000569,5570350,2974,0.467009519,10,0.5,0
4,-0.0106,5589450,2119,0.549910617,10,0.5,0
5,-0.028755,5616200,1918,0.7461098824,10,0.5,0
6,-0.003245,5637600,2530,0.5333303974,10,0.5,0
7,-0.0372,5651450,1491,0.4507191225,10,0.5,0
1,0.0497,5665050,2812,0.5188951243,10,0.5,0
2,-0.0197,5676850,2981,0.4431440112,10,0.5,0
3,-0.01,5689000,3237,0.5529831251,10,0.5,0
4,-0.039383,5702450,2759,0.5226826799,10,0.5,0
5,-0.060617,5714150,2674,0.4734444564,10,0.5,0
6,0.009646,5728200,2301,0.4772320121,12,0.5,0
7,0.100354,5743200,2218,0.575708459,13,0.5,0
1,0.005,5758350,2987,0.4834755024,14,0.5,0
2,-0.0475,5774150,3420,0.5589113964,15,0.5,0
3,-0.0625,5789650,1625,0.5349090665,15,0.5,0
4,0.00497,5808500,1573,0.6000582477,15,0.5,0
5,-0.00017,5826300,1603,0.5726270135,15,0.5,0
6,-0.0898,5845400,2272,0.692638663,15,0.5,0
7,0.0577,5860450,1842,0.6631347158,15,0.5,0
1,-0.0001,5876200,1749,0.6508544433,15,0.5,0
2,0.0134,5892300,1879,0.6303873224,15,0.5,0
3,0.219,5910700,2480,0.8227782585,15,0.5,0
4,0.08999,5925600,2001,0.5526122632,16,0.5,0
5,-0.00499,5942850,2320,0.7286295026,17,0.5,0
6,0.105,5957700,3567,0.6472779341,18,0.5,0
7,0.0079,5973150,1912,0.7574529016,19,0.5,0
1,0.3511,5990300,2100,0.7804060198,19,0.5,0
2,0.152,6007600,2516,0.8630372454,21,0.5,0
3,0.249,6026750,4550,0.8722184927,23,0.5,0
4,0.75,6044800,3474,0.9273059765,25,0.5,0
5,1.39,6063850,4648,1.068539452,27,0.5,0
6,-0.6,6083100,3235,1.128508503,29,1,0
7,0.01,6103800,3399,1.242994872,31,1,0
1,0.2,6124700,3889,1.193929285,33,1,0
2,0.237,6147450,3560,1.357481242,35,1,0
3,2.128,6166800,3272,1.463314603,37,1,0
4,2.385,6185050,4404,1.572867568,40,1,0
5,0.1,6208850,3990,1.784148286,42,1,0
6,-0.16099,6233050,4355,2.034555063,44,1,0
7,-1.04901,6256250,5131,2.196416463,48,1,0
1,-0.7364,6278100,4822,2.584733186,51,1,0
2,0.8464,6304650,5775,3.361366632,55,1,0
3,0.06,6334000,6172,3.543390095,59,1,0
4,1.41,6359800,5491,4.280335327,63,1,0
5,-0.4208,6376200,4725,3.739888948,65,1,0
6,1.0006,6391350,6203,3.242678278,68,1,0
7,1.0702,6409750,7157,4.107392486,73,3,0
1,6.84,6430700,8773,4.669456721,80,3,0
2,1.82,6453600,9808,7.049780324,86,3,0
3,12.6799,6471200,11394,5.160439197,94,3,0
4,3.0901,6493100,11233,6.373001413,103,3,0
5,-10.01,6516600,11668,6.711390869,111,3,0
6,-4,6540100,12602,6.344802292,121,3,0
7,-1.03,6564250,11777,8.762322509,131,3,0
1,-2.76,6583350,12025,8.805916154,140,3,0
2,0.15,6605900,11278,10.11372548,148,3,0
3,-2.3,6630950,11810,11.77028397,155,3,0
4,1.7001,6654850,11134,16.45440492,163,3,0
5,0.75991,6670150,10298,10.62680318,171,3,0
6,0.00999,6685800,10892,10.48968314,180,3,0
7,-0.02,6703700,9885,12.40936371,188,3,0
1,-1.01,6721450,9454,11.99800359,196,1,0
2,-0.64,6737650,9495,11.24384337,202,1,0
3,0.65,6753000,11053,10.6953632,209,1,0
4,-0.85724,6767150,8211,11.42168584,216,1,0
5,0.03724,6782250,8057,11.18859021,222,1,0
6,-1.04012,6796900,8795,11.18859021,229,1,0
7,-0.53988,6813750,8419,11.96557564,235,1,0
1,0,6829750,7821,12.35406836,241,1,0
2,-0.4099,6845850,8185,11.8878771,248,1,0
3,0.3499,6861200,8545,12.01984874,255,1,0
4,-0.1011,6876100,8437,12.01984874,261,1,0
5,0.041099,6892150,7866,14.79365999,267,1,0
6,0.420001,6908450,8401,14.20527578,274,1,0
7,-0.4,6925800,7818,14.03716601,280,1,0
1,-0.2,6941450,6854,12.77634272,285,1,0
2,-0.2499,6958600,8032,16.43111687,291,1,0
3,-0.4501,6973900,8054,14.92884333,297,1,0
4,-1.55,6987450,7308,12.9571093,303,1,0
5,-1.75,7000100,6725,12.11208044,308,1,0
6,2.3,7013200,8638,12.48764882,314,1,0
7,-1.6041,7028250,8116,12.67543301,320,1,0
1,-0.4459,7041500,7386,12.01818834,325,1,0
2,1.84,7054800,8347,13.42656978,331,1,0
3,-0.59,7068000,8128,11.57928193,337,1,0
4,0.51,7082650,7787,12.11785318,343,1,0
5,-0.22,7097150,7355,13.01547194,349,1,0
6,-0.1,7114450,7425,15.25951882,355,1,0
7,-0.52446,7127400,7082,11.48952006,361,1,0
1,-1.85554,7141650,6988,11.75880568,367,1,0
2,0.3711,7153600,7807,11.22023443,372,1,0
3,-0.4811,7168900,7280,13.34442097,377,1,0
4,-0.5011,7183350,6917,14.31653111,382,1,0
5,0.095099999,7196750,6612,11.13507975,389,1,0
6,-0.936869999,7211950,7705,13.25604733,395,1,0
7,-0.34204,7225550,6481,11.04670611,400,1,0
1,-1.10617,7239700,6453,12.63743178,406,1,0
2,0.87208,7253100,6422,11.48857435,411,1,0
3,-1.090999999,7267500,6515,13.26392523,415,1,0
4,-0.760000001,7281200,6042,10.99509591,419,1,0
5,-0.23,7295700,5775,14.57286522,423,1,0
6,1.795,7308750,7420,12.12951057,428,1,0
7,-0.96499,7323650,6808,13.0893999,433,1,0
1,-0.17001,7336550,6231,10.82057058,437,1,0
2,-0.19986,7350500,5917,11.95498524,441,1,0
3,-0.47114,7363950,5795,11.60593458,445,1,0
4,0.361,7376800,5762,10.32920406,449,1,0
5,-0.19,7390150,5145,11.00102221,453,1,0
6,-0.13,7403150,5316,10.91704494,457,1,0
7,-0.1,7416650,6004,11.16897674,461,1,0
1,-0.336,7429500,5604,10.83306767,465,1,0
2,-0.33463,7441550,5530,9.909317712,469,1,0
3,-0.05325,7452800,6498,9.993294981,473,1,0
4,-0.09157,7464000,5676,11.16897674,477,1,0
5,-0.21365,7477200,4878,8.977080038,481,1,0
6,-1.0009,7489200,5562,9.269017601,485,1,0
7,-0.48,7500950,4708,7.517392227,488,1,0
1,0.88,7512550,4820,6.860532712,491,1,0
2,-0.1,7523950,5919,8.977080038,495,1,0
3,-0.324,7535900,5307,7.955298571,499,1,0
4,0.379,7546750,5111,7.444407837,502,1,0
5,0.39526,7557550,4888,7.079485884,505,1,0
6,-0.30026,7571700,5885,8.73436486,509,1,0
7,-0.051,7585600,5746,7.59770094,513,0.5,0
1,-0.089,7600250,6575,8.973662527,517,0.5,0
2,-0.1811,7614200,5329,7.836998607,521,0.5,0
3,0.0851,7629400,6627,10.11032645,525,0.5,0
4,-0.114,7642750,5439,7.298578856,529,0.5,0
5,0.099,7656850,5088,8.794189277,533,0.5,0
6,-0.409,7672300,6442,10.25533355,537,0.5,0
7,-0.08969,7686200,5596,8.59551078,541,0.5,0
1,-0.30031,7699200,4909,7.647040625,545,0.5,0
2,-0.01,7712350,5044,8.002716933,549,0.5,0
3,0.09,7725650,5620,7.765599394,553,0.5,0
4,0.18,7737750,5374,7.70632001,557,0.5,0
5,-0.0635,7749800,4794,6.757849855,560,0.5,0
6,0.4845,7762950,6529,8.239834472,565,0.5,0
7,0.159,7779500,6735,10.03065755,570,0.5,0
1,-0.01001,7794850,5533,8.132965582,574,0.5,0
2,-0.19999,7809700,6347,8.675163287,578,0.5,0
3,0.152,7825000,7119,7.97030627,583,0.5,0
4,-0.043,7840250,5686,8.187185352,587,0.5,0
5,0.341,7855350,5240,7.861866729,591,0.5,0
6,-0.08,7868500,5515,7.406827445,595,0.5,0
7,-0.1067,7881850,5476,7.062323843,599,0.5,0
1,0.0367,7895350,4819,8.382920984,603,0.5,0
2,0.47036,7910250,5200,8.670007319,607,0.5,0
3,0.40964,7924750,5667,8.899676387,612,0.5,0
4,-0.16,7939250,5740,8.727424586,616,0.5,0
5,0.4397,7954550,5307,9.99060446,619,0.5,0
6,-0.3297,7971100,5571,9.168004881,623,0.5,0
7,0.27,7985600,5023,8.072457128,627,0.5,0
1,0.665,8000050,5357,9.283325697,631,0.5,0
2,0.5049,8015100,5809,8.764382025,636,1,0
3,0.1064,8030900,5636,8.879702841,640,1,0
4,1.6137,8046750,6361,9.80226937,646,1,0
5,-0.02,8063850,6290,9.283325697,652,1,0
6,-0.31,8079200,6589,9.077623651,658,1,0
7,0.107,8095100,6943,10.32113374,665,1,0
1,-0.247,8109300,6734,9.948080714,670,1,0
2,0.43888,8124600,6685,9.823729705,676,1,0
3,-0.23888,8139600,7215,8.828921633,681,1,0
4,-0.37,8153300,6718,8.580219616,687,1,0
5,-0.19,8168750,5259,8.450978823,692,1,0
6,0.125,8184050,6817,8.77601647,697,1,0
7,-0.315,8198300,6736,8.450978823,702,1,0
1,-0.45185,8213000,6095,10.07616706,707,1,0
2,-0.14815,8229450,6019,10.79124988,712,1,0
3,0.038,8244100,6900,8.77601647,717,1,0
4,0.51,8260250,6943,10.40120471,723,0.5,0
5,-0.1855,8275250,6616,9.327239883,728,0.5,0
6,-0.25251,8289800,6799,9.807318406,732,0.5,0
7,0.09001,8303600,7259,9.875901052,737,0.5,0
1,0.2,8317850,7624,9.464405175,743,0.5,0
2,-0.28,8333200,7514,10.08164899,749,0.5,0
3,-0.84,8347100,9511,9.73873576,757,0.5,0
4,-0.11002,8360650,7128,9.73873576,764,0.5,0
5,-0.43665,8377250,5932,10.74136802,768,0.5,0
6,0.10207,8390950,6348,8.757293674,772,0.5,0
7,0.48941,8407200,7881,11.49394795,778,0.5,0
1,0.14519,8422800,6588,11.42553159,784,0.5,0
2,0.03,8438300,6475,10.80978438,789,0.5,0
3,-0.2,8455100,6825,12.72544237,795,0.5,0
4,0.08888,8469550,7696,9.897222875,801,0.5,0
5,-0.08888,8482000,6017,9.673977247,805,0.5,0
6,0.15,8496000,6713,11.01345102,811,0.5,0
7,-0.05,8511250,6635,11.6087727,817,0.5,0
1,-0.06,8528200,6054,12.87383126,822,0.5,0
2,0.01915,8543300,5728,12.57617042,826,0.5,0
3,0.48525,8557800,7096,10.26929892,833,0.5,0
4,-0.0444,8571400,6706,10.6507282,838,0.5,0
5,-0.02002,8587800,5745,11.61897621,843,0.5,0
6,-0.39998,8603100,6604,11.02313128,848,0.5,0
7,-0.1,8619000,6756,11.61897621,854,0.5,0
1,-0.13104,8634100,6461,12.81066608,858,0.5,0
2,-0.01103,8650050,6469,11.32105375,863,0.5,0
3,0.10799,8665400,7134,11.84241806,868,0.5,0
4,-0.01592,8679850,7174,12.12846182,874,0.5,0
5,0.099,8695500,5619,12.12846182,878,0.5,0
6,0.081,8708250,7539,10.34962075,883,0.5,0
7,-0.06514,8721250,6977,9.621913043,889,0.5,0
1,0.03514,8734000,6152,10.6730464,894,0.5,0
2,-0.18,8748850,6045,12.20931823,898,0.5,0
3,0.0941,8763150,7485,11.56246693,904,0.5,0
4,0.05054,8776350,7549,9.883251608,910,0.5,0
5,0.03925,8788850,7313,9.177305065,916,0.5,0
6,0.03818,8802600,8354,11.13826769,923,0.5,0
7,0.16793,8816500,8023,12.23640675,930,0.5,0
1,0.29,8831600,7770,11.53046021,937,0.5,0
2,-0.26201,8846450,6845,11.60889871,943,0.5,0
3,-0.05799,8859500,7746,10.82451367,949,0.5,0
4,-0.0228,8873500,7066,9.883251608,956,0.5,0
5,-0.1188,8889600,8050,12.44873829,962,0.5,0
6,-0.0184,8907000,10070,13.42363949,969,0.5,0
7,0.184,8923000,12283,12.44873829,978,0.5,0
1,-0.0345,8938550,13590,11.6988143,989,0.5,0
2,-0.0548,8955700,16283,12.82370029,1002,0.5,0
3,0.00139,8973200,18865,14.12994691,1017,0.5,0
4,-0.06421,8986550,14196,10.59746018,1028,0.5,0
5,-0.033,9000000,14084,11.37288409,1043,0.5,0
6,0.09112,9013700,20817,11.28672588,1064,0.5,0
7,0.0445,9025200,14892,10.16666911,1080,0.5,0
1,0.00841,9039700,38132,12.57909907,1105,0.5,0
2,0.00459,9053400,29133,11.37288409,1131,0.5,0
3,0.0125,9065300,26784,10.42514375,1153,0.5,0
4,-0.01,9077850,29007,9.174760781,1176,0.5,0
5,-0.002,9092800,22251,12.97121352,1196,0.5,0
6,0.01089,9106500,31160,10.75661609,1224,0.5,0
7,0.03111,9119800,20951,11.54754374,1244,0.5,0
1,0.089,9135150,18570,12.3384714,1263,0.5,0
2,-0.0005,9150600,44984,11.94300757,1293,0.5,0
3,0.1915,9165850,18275,13.36667734,1321,0.5,0
4,0.19,9179550,26974,11.70572927,1345,0.5,0
5,-0.04,9196400,39328,13.3790336,1375,0.5,0
6,0.08,9211100,20796,11.01802767,1400,0.5,0
7,0.25,9226500,56997,11.49022886,1447,0.5,0
1,0.649,9242450,49313,12.59203163,1494,0.5,0
2,-0.1322,9258450,39028,12.35593103,1528,0.5,0
3,0.18319,9274350,33475,11.67262013,1561,0.5,0
4,0.14963,9287500,25550,12.10176058,1585,0.5,0
5,-0.20812,9302600,21880,12.01593249,1604,0.5,0
6,-0.1401,9317650,32547,12.7025572,1629,0.5,0
7,0.21757,9332500,27315,11.58679204,1654,0.5,0
1,0.02403,9346600,23608,12.18758867,1672,0.5,0
2,0.057,9361550,25272,13.81832236,1689,0.5,0
3,-0.2,9376750,21992,13.84337907,1707,0.5,0
4,0.18449,9391250,21962,13.32098741,1725,0.5,0
5,0.13551,9407450,21697,13.40805269,1744,0.5,0
6,0.369,9423250,33442,13.14685686,1769,0.5,0
7,0.081,9437650,26493,13.14685686,1793,0.5,0
1,0.36891,9453150,25417,12.9727263,1814,0.5,0
2,0.60099,9468000,30561,12.88566102,1838,0.5,0
3,1.10909,9484400,30733,14.00960107,1867,0.5,0
4,-0.16544,9498500,35383,12.89625529,1896,0.5,0
5,-0.23355,9512950,29975,12.89625529,1924,0.5,0
6,-0.04,9528500,29945,14.93738922,1951,0.5,0
7,-0.06,9545100,30652,16.51462907,1976,0.5,0
1,0.03,9562000,33187,15.77239855,2000,0.5,0
2,0.22,9578500,38204,18.73004176,2030,0.5,0
3,0.39,9592200,34163,14.27532912,2060,0.5,0
4,1.5788,9608550,29356,17.51512013,2086,1,0
5,0.0681,9623300,32003,14.680303,2111,1,0
6,-0.1469,9637800,28636,15.08527688,2136,1,0
7,0.96,9654250,33117,16.09771157,2164,1,0
1,-0.40212,9670350,29979,15.9964681,2186,1,0
2,0.27211,9686450,49678,16.66300633,2219,1,0
3,0.80001,9703150,49070,18.62336001,2256,1,0
4,2.73,9718000,40897,15.57392095,2293,1,0
5,-3.4,9733300,35022,17.20754902,2326,1,0
6,-1.70001,9751800,40494,19.7124454,2358,1,0
7,-0.04999,9767500,31765,17.96990879,2387,1,0
1,0,9781850,35491,15.89357527,2413,1,0
2,1.89999,9798100,31308,18.07742531,2438,1,0
3,-0.94,9813900,33804,20.13995034,2463,1,0
4,-0.37409,9828950,41495,17.34947529,2493,1,0
5,-0.64591,9844750,31268,18.56272532,2523,1,0
6,0.40341,9860150,36940,15.52960026,2556,1,0
7,0.5766,9878450,44218,24.90946413,2591,1,0
1,0.04,9894050,34359,18.74905902,2619,1,0
2,-0.083,9908900,32055,19.28474642,2644,1,0
3,0.2519,9923850,30406,18.88298087,2672,1,0
4,0.3711,9939200,35146,21.69533972,2699,1,0
5,0.24,9953850,27351,20.08827752,2724,1,0
6,0.1,9971000,31313,22.36494897,2748,1,0
7,0.59666,9985500,33825,20.92944794,2776,1,0
1,-0.24336,10002250,23847,24.48887787,2801,1,0
2,-0.14442,10017500,31279,22.21084272,2826,1,0
3,-0.01888,10032100,31886,20.35993916,2849,1,0
4,0.164,10047450,29898,23.34986029,2875,1,0
5,0.03099,10063450,21143,21.64133393,2897,1,0
6,0.40501,10077650,28543,19.36329878,2922,0.5,0
7,0.2099,10091250,29518,20.34741197,2951,0.5,0
1,-0.18991,10105150,35662,21.56218283,2981,0.5,0
2,-0.81999,10120300,38366,25.20649543,3013,0.5,0
3,0.07,10135000,32255,22.62510734,3043,0.5,0
4,0,10149450,24200,22.92880006,3067,0.5,0
5,-0.15,10163650,26981,20.9547974,3096,0.5,0
6,-0.01,10179100,33464,23.08064641,3126,0.5,0
7,-0.03002,10193900,28432,23.67252096,3156,0.5,0
1,-0.10998,10208750,27673,21.07617995,3183,0.5,0
2,-0.04,10224950,35647,25.35250632,3215,0.5,0
3,0.01,10239600,33568,23.8252469,3249,0.5,0
4,-0.72012,10254550,22540,24.58887661,3272,0.5,0
5,-0.48988,10271900,17381,25.81068415,3288,0.5,0
6,0.24,10287250,29930,24.47480664,3311,0.5,0
7,0.429,10300950,25458,22.17516038,3336,0.5,0
1,-0.67803,10315350,25264,23.48924396,3359,1,0
2,0.29903,10331000,32202,25.13184843,3384,1,0
3,0.31603,10345650,37442,25.78889022,3414,1,0
4,-0.14603,10361000,26851,23.81776485,3441,1,0
5,-0.131,10375600,23728,21.68237904,3463,1,0
6,0.19,10389450,24841,22.77487591,3485,1,0
7,-0.015,10403450,37743,22.77487591,3514,1,0
1,0.686,10417550,34273,23.61218753,3548,1,0
2,-0.00002,10431650,35160,20.59786571,3578,1,0
3,-0.01598,10447300,41245,25.78919772,3614,1,0
4,0.646,10461900,31482,24.28203682,3644,1,0
5,0.17,10477050,34821,23.61218753,3672,1,0
6,-0.07001,10492600,29528,25.98426193,3702,1,0
7,0.06901,10504650,39050,28.20660012,3736,1,0
1,0.08878,10511875,37722,27.35185466,3764,1,0
2,-0.00877,10519400,22407,25.64236375,3783,1,0
3,0.82099,10525175,33176,20.513891,3811,1,0
4,0.18,10531850,32887,21.19768736,3843,1,0
5,-0.15,10538475,32838,22.22338191,3871,1,0
6,0.10999,10545650,36341,24.29223366,3905,1,0
7,0.1599,10552275,40260,22.78443985,3939,1,0
1,-0.02769,10557825,33526,19.76885222,3972,1,0
2,-0.2742,10563850,40828,21.10911339,4004,1,0
3,-0.099,10570575,49016,23.95716837,4046,1,0
4,0.2485,10576300,40658,20.27145016,4079,1,0
5,-0.16203,10583350,39228,23.11950514,4117,1,0
6,-0.03547,10589600,27560,20.60651545,4146,1,0
7,0.02,10597225,43119,23.84708488,4182,1,0
1,0.2,10604975,39248,19.84788431,4221,1,0
2,-0.08,10613175,34228,24.88391466,4255,1,0
3,-0.19,10621175,38986,23.10649218,4284,1,0
4,0.08986,10628700,49926,20.88471409,4323,1,0
5,0.04013,10635975,34519,21.03283263,4353,1,0
6,0.30001,10643750,35390,23.26118199,4387,1,0
7,0.49,10650750,51393,23.58425396,4430,1,0
1,0.02999,10656750,46836,19.22278234,4473,1,0
2,-0.04999,10663650,43799,24.87654185,4512,1,0
3,0.389,10669900,52197,19.86892628,4553,1,0
4,1.296,10676100,50896,20.19199825,4598,1,0
5,-0.095,10682925,41636,21.32275015,4640,1,0
6,1.7,10689775,40199,20.67660621,4676,1,0
7,1.59999,10696825,46607,23.90732593,4722,1,0
1,-1.57073,10704050,53420,22.13679333,4767,1,0
2,0.83074,10711550,52321,21.84163609,4814,1,0
3,1.25,10719225,45810,21.39890022,4861,1,0
4,1.6,10727800,56756,22.5795292,4907,1,0
5,-0.62,10735950,56212,24.35047267,4958,1,0
6,0.11,10744650,53445,28.00576717,5006,1,0
7,1.36,10752200,58215,24.09798571,5051,1,0
1,1.54997,10759400,50847,22.14409498,5102,1,0
2,0.49553,10767475,58835,25.88905221,5153,1,0
3,1.90449,10774975,57398,25.56340376,5205,1,0
4,0.89899,10783475,57505,28.65706409,5256,1,0
5,-1.39068,10792850,50400,30.28530636,5302,1,0
6,3.18169,10801025,55598,30.12780025,5348,1,0
7,1.01013,10810275,58996,35.7540762,5402,1,0
1,-0.52014,10818350,59386,29.40182916,5455,1,0
2,0.97003,10827325,65164,35.39109065,5509,1,0
3,1.1518,10836275,62952,36.84303283,5564,1,0
4,3.47618,10844500,65797,34.30627041,5622,1,0
5,-0.77792,10852050,49631,33.00350064,5672,3,0
6,5.93993,10860175,56039,32.56924406,5727,3,0
7,2.45271,10868025,62423,33.00350064,5788,3,0
1,3.51841,10875925,47671,36.91180993,5840,3,0
2,1.72858,10885200,67610,40.38586263,5905,3,0
3,-0.93971,10892000,56177,33.43775723,5952,3,0
4,0.45006,10900875,60064,40.96623399,6008,3,0
5,0.19185,10910350,34164,48.91850294,6046,3,0
6,10.3181,10919750,48705,47.47263586,6087,3,0
7,16.04,10930000,53840,53.73805988,6133,3,0
1,-10.8,10940875,58002,50.60534787,6191,3,0
2,10.88798,10949700,51011,45.26778087,6239,3,0
3,15.01202,10956750,51993,41.93926757,6287,3,0
4,0.15,10965775,66205,60.57894204,6349,3,0
5,3.45001,10973850,44586,52.25765879,6406,3,0
6,16.22999,10983675,60268,58.24898273,6463,8,0
7,23.26899,10992125,69048,53.25621278,6530,8,0
1,10.49866,10999925,57200,64.07971834,6584,8,0
2,41.50235,11008200,63470,64.46114524,6647,8,0
3,14,11017000,68820,70.18254866,6709,8,0
4,-121.512,11025425,60395,65.98685282,6773,8,0
5,14.512,11033475,53417,62.17258387,6822,8,0
6,0,11042050,65797,69.80112177,6879,8,0
7,5.5,11050300,52605,72.71669197,6930,8,0
1,27.36,11057050,48016,64.68662782,6981,8,0
2,-0.345,11065450,46737,72.27057729,7025,8,0
3,29.68519,11073800,67982,78.07006806,7086,8,0
4,-17.59919,11082075,56533,76.73172404,7142,8,0
5,0.38899,11090225,40986,74.50115066,7186,8,0
6,3.11901,11098475,48795,74.63339018,7238,8,0
7,-34.10897,11105600,57278,72.128914,7288,3,0
1,6.98976,11113125,48349,77.13786636,7339,3,0
2,8.9602,11121050,51244,81.64592348,7389,3,0
3,-6.99998,11129525,47359,81.64592348,7443,3,0
4,3.72999,11137850,67937,83.64950443,7505,3,0
5,-3.36,11146675,69320,89.15935203,7570,3,0
6,4.68,11154850,63287,81.74987297,7628,3,0
7,-3.90976,11162150,60543,80.6376298,7689,3,0
1,8.65971,11169850,51982,81.74987297,7742,3,0
2,-1.09994,11177150,50093,76.74477871,7786,3,0
3,-0.01001,11185025,53981,92.31618308,7838,3,0
4,8.86,11193100,55106,90.09169674,7890,3,0
5,2.54701,11201425,39879,97.26804906,7937,3,0
6,-5.72601,11209775,55138,97.87219843,7987,3,0
7,2.67489,11218200,57170,102.101244,8040,3,0
1,-1.79644,11227800,52390,119.6215759,8092,3,0
2,-9.19943,11238125,52048,126.267219,8141,2,0
3,2.40508,11248425,54947,156.7035621,8195,2,0
4,-12.11009,11256900,54331,124.8973935,8247,2,0
5,-11.82456,11265275,46237,129.5519548,8290,2,0
6,9.52955,11274175,51208,136.5337967,8332,2,0
7,1,11284000,43302,149.7217202,8373,2,0
1,-7.03002,11292700,41531,136.5337967,8414,2,0
2,-1.44477,11301225,43399,148.0494004,8451,2,0
3,7.30979,11308000,46903,120.1699679,8493,2,0
4,3.165,11315975,52994,166.3152356,8540,2,0
5,-3.31611,11324675,40634,169.1993148,8578,2,0
6,-3.81724,11331950,45588,142.281242,8617,2,0
7,-1.07664,11340825,46797,159.5857174,8658,2,0
1,-6.937,11349050,38973,170.754179,8698,2,0
2,-4.85501,11356975,34053,162.2694993,8728,2,0
3,-8.198,11365275,35351,185.6023685,8762,2,0
4,-14.94156,11373950,36291,187.7235384,8793,2,0
5,3.08356,11383325,28865,198.3293881,8823,2,0
6,5.38591,11393000,41777,213.1775775,8859,2,0
7,10.82209,11402075,41040,249.7082121,8896,2,0
1,8.845,11409975,40313,196.3851043,8938,2,0
2,2.38016,11418325,36738,222.3963764,8971,2,0
3,-0.40516,11426650,39565,219.7952492,9006,2,0
4,-4.55918,11435175,38020,219.7952492,9041,2,0
5,-4.47083,11444725,36884,253.6099029,9073,2,0
6,6.45601,11452850,39644,225.2998321,9107,2,0
7,0.804,11460125,42304,212.8694965,9144,2,0
1,-0.99539,11468700,35987,256.375671,9179,2,0
2,5.83741,11477275,44260,257.929463,9214,2,0
3,3.91353,11486875,51919,309.2045972,9257,2,0
4,0.54445,11496250,53174,295.2204697,9302,2,0
5,-0.82541,11505000,44605,317.8555672,9344,2,0
6,2.20919,11514525,52260,351.314048,9388,2,0
7,-4.98378,11523975,57036,375.4785063,9438,2,0
1,0.71802,11534150,52040,369.9020929,9484,2,0
2,2.37696,11545225,45811,425.6662275,9526,2,0
3,-4.96498,11553875,50484,388.9725307,9576,2,0
4,-1.52,11562350,68301,434.4368525,9633,2,0
5,0.51,11571950,53134,497.5817439,9681,2,0
6,5.57,11580925,66539,457.1690134,9741,2,0
7,6.42,11591275,62772,525.365496,9794,2,0
1,-2.22,11601300,51085,607.9322986,9845,2,0
2,3.01,11608950,53528,532.7578746,9890,2,0
3,7.45,11617425,63645,545.8316874,9946,2,0
4,5.54,11627225,60716,634.0799243,9999,2,0
5,6.03,11638150,45578,725.5966144,10043,2,0
6,-0.37,11648650,50503,604.6638454,10089,2,0
7,-5.94,11657075,60222,704.3985918,10136,2,0
1,-4.36,11665900,54231,704.3985918,10187,2,0
2,1.51,11674450,54966,834.0425044,10231,2,0
3,2.44,11684125,49512,868.6142144,10275,2,0
4,4.19,11694575,48362,907.5073882,10320,2,0
5,-2.83,11704550,46764,1024.579581,10362,2,0
6,2.1,11713200,66291,990.9868074,10414,2,0
7,-3.46,11721850,59004,1091.765127,10468,2,0
1,-0.6,11731350,53286,1046.974763,10518,2,0
2,-0.48,11742025,60286,1237.33381,10567,2,0
3,1.16,11752400,58150,1583.138305,10620,2,0
4,1.42,11761075,50429,1302.020289,10668,2,0
5,2.5,11769550,41741,1242.837548,10708,2,0
6,-0.99,11778550,55320,1449.977139,10751,2,0
7,-10.16,11788075,61708,1538.75125,10810,3,0
1,4.56,11797800,47895,1560.944778,10856,3,0
2,2.09,11806675,43235,1439.610956,10897,3,0
3,2.48,11815150,46991,1721.887615,10939,3,0
4,0.76,11824450,54449,1665.432283,10990,3,0
5,2.9,11835100,51248,2154.711824,11038,3,0
6,9.5,11847750,57320,2333.487041,11092,3,0
7,4.09,11857700,45193,2382.309675,11139,3,0
1,21.72,11867500,54639,2914.669379,11193,3,0
2,12.02,11877925,58142,2675.107513,11246,3,0
3,22.88,11889425,54572,2808.197439,11307,3,0
4,-27.14,11900650,59853,3194.158224,11372,3,0
5,16.25,11910050,44388,3439.672053,11418,3,0
6,13.03,11918450,51237,3051.008544,11464,3,0
7,-0.48,11928575,56476,4061.533667,11514,3,0
1,2.54,11938750,41179,4216.99907,11560,11,0
2,20.95,11948650,42094,3886.635088,11601,11,0
3,33.13,11956950,55035,4114.549716,11658,11,0
4,67.33,11964125,59961,3377.99452,11718,11,0
5,-28.65,11971875,57169,4266.940446,11778,11,0
6,57.04,11981475,58510,4800.308002,11833,11,0
7,62.55,11990400,70175,4292.338902,11896,11,0
1,17.03,11999375,51595,4978.097188,11950,11,0
2,149.63,12008300,73198,4968.79793,12011,11,0
3,11.84,12016250,77962,4938.500381,12098,11,0
4,166,12024100,76646,5029.393026,12177,11,0
5,72.16,12032450,60018,5211.178317,12244,11,0
6,11.74,12041050,80055,4968.79793,12315,11,0
7,164.1,12049750,102010,5514.1538,12405,11,0
1,110.96,12058375,80868,5626.473038,12485,11,0
2,-127.69,12067325,74324,5731.969408,12554,12,0
3,158.73,12076500,79738,6224.285799,12630,12,0
4,-257,12086050,71277,7419.911319,12707,12,0
5,-171.01,12095325,49174,6294.616711,12766,12,0
6,213.99,12105225,67874,9076.027624,12830,12,0
7,-91.23,12113325,59677,7495.624804,12891,12,0
1,18.95,12122475,55858,9030.873258,12954,12,0
2,-155.7,12131750,63090,8714.792694,13017,12,0
3,-132.84,12141925,81656,9482.416921,13094,12,0
4,83.84,12152375,69475,9121.181991,13159,12,0
5,-23,12160600,51543,9744.865734,13215,12,0
6,10.27,12168725,56872,9744.865734,13271,12,0
7,87.15,12177500,48575,10508.01787,13328,12,0
1,-32.81,12185975,47777,9627.457713,13381,12,0
2,37.49,12194575,56501,11388.57803,13440,12,0
3,7.8,12203800,41476,11740.80209,13488,12,0
4,59.31,12211525,63821,11493.6341,13545,8,0
5,89.79,12219725,55761,12692.35667,13602,8,0
6,-28.62,12228825,62126,13185.94832,13671,8,0
7,-58.21,12238275,58365,12762.86976,13730,8,0
1,82.68,12248500,56464,14596.21017,13787,8,0
2,-84.02,12258325,54756,18058.64887,13840,8,0
3,39.87,12266450,60392,15211.96531,13897,8,0
4,-54.7,12275275,58397,13610.7058,13954,8,0
5,40,12283950,49224,16368.43051,14004,8,0
6,-10.44,12292825,71521,15300.92417,14072,8,0
7,-9.54,12302025,63527,15834.67734,14137,8,0
1,-7.02,12310800,55371,16903.79922,14197,8,0
2,-29,12318825,60746,17558.13983,14254,8,0
3,26.6,12326925,61786,17230.96953,14316,8,0
4,-1.1,12335525,61999,20066.44552,14377,8,0
5,17.07,12344900,50400,19412.10491,14434,9,0
6,-10.52,12353975,65812,18430.59399,14502,9,0
7,-31.05,12362425,69721,21761.8906,14577,9,0
1,-71,12370925,64069,22804.37638,14650,9,0
2,-42,12378525,67622,19937.54049,14712,9,0
3,2.01,12386875,62805,21761.8906,14784,9,0
4,5.09,12396150,76660,24889.34793,14866,9,0
5,-48.6,12405475,56785,25149.96938,14929,9,0
6,3.27,12413800,68333,25980.5117,14997,9,0
7,-44.07,12422850,71666,26602.7994,15075,9,0
1,21.28,12431150,59691,25513.79592,15148,9,0
2,-58.98,12440250,68496,28314.09059,15222,9,0
3,40.38,12449025,71527,28158.51867,15313,9,0
4,-7.41,12458275,71658,35659.96387,15391,9,0
5,-18.09,12465700,59067,28262.41817,15466,7,0
6,117.73,12472725,85916,26365.61158,15562,7,0
7,-20.59,12480800,71619,30728.26674,15650,7,0
1,-48.02,12489350,71019,33194.1153,15728,7,0
2,12.99,12497575,66786,31297.30871,15802,7,0
3,20.11,12505975,76019,31866.35069,15887,7,0
4,-5.63,12513675,68735,29367.84755,15968,7,0
5,-1.53,12522000,58730,33382.15765,16031,7,0
6,-7.94,12530075,57881,30635.52442,16090,7,0
7,-37,12538125,72117,35283.67296,16159,7,0
1,-33,12547050,69139,37185.18827,16244,7,0
2,15,12557150,67382,42044.61628,16312,7,0
3,13.7,12564875,69897,39324.9976,16389,7,0
4,-82.7,12573625,69155,45547.30735,16470,7,0
5,-53.98,12581625,55333,37084.96609,16532,7,0
6,30.49,12590300,64692,44551.73779,16604,7,4
7,-33.2,12600125,67292,51769.6171,16678,4,0
1,5.53,12609625,59610,54454.16888,16749,4,0
2,-4.1,12616825,62222,44415.13216,16813,4,0
3,-4.64,12624350,64278,44110.91892,16892,4,0
4,-15.11,12632450,66874,45327.77186,16971,4,0
5,-22.99,12641425,49420,60538.43356,17029,4,0
6,84.91,12650850,74882,59321.58062,17111,4,0
7,5.09,12658925,67212,60364.10607,17194,4,0
1,4.9,12666900,56685,56547.98442,17258,4,0
2,-3.4,12675575,57961,61404.86652,17321,4,0
3,-9.2,12683800,72147,60711.02622,17400,4,0
4,-28.15,12691575,78038,56894.90457,17482,4,0
5,-19.05,12700200,50392,57935.66502,17546,4,0
6,7.6,12708300,64207,54813.38367,17618,4,0
7,12.31,12716150,60910,66817.88587,17690,4,0
1,-25.51,12724000,56112,57272.47361,17753,3,0
2,-6.67,12730925,63433,49715.68889,17817,3,0
3,18.82,12739650,70424,64829.25832,17897,3,0
4,5.37,12747700,67693,66022.43485,17972,3,0
5,-17.02,12756275,51666,66022.43485,18034,3,0
6,3.95,12764450,70672,74817.97102,18112,3,0
7,10.04,12772350,72761,73057.54817,18192,3,0
1,0.09,12781475,55577,80539.34527,18264,3,0
2,-2.66,12789750,60368,77898.711,18334,3,0
3,48.45,12798675,71120,78338.81671,18419,3,6
4,32.6,12806800,74593,69536.70248,18501,3,0
5,47.53,12814775,53928,78483.25676,18566,3,0
6,6.87,12822225,67040,67048.61008,18643,3,0
7,-13.87,12829925,65930,68088.12341,18723,3,0
1,52.45,12837800,55166,79003.01342,18793,3,0
2,11.04,12846750,61179,93036.44344,18863,3,0
3,13.17,12856025,66435,95115.47011,18943,3,0
4,11.09,12863350,64859,86494.36212,19021,3,0
5,-3.75,12870925,47730,87663.20486,19080,3,0
6,-2.11,12878750,65460,103442.5817,19154,3,0
7,-32.89,12886275,61583,90585.31168,19227,3,0
1,-59.08,12894875,58961,102858.1604,19299,3,0
2,37.08,12904600,65347,118637.5372,19369,3,0
3,9.6,12913300,66992,113768.8429,19445,3,0
4,-11.27,12921700,59884,123807.2702,19517,3,0
5,2.75,12931250,50429,129161.0981,19580,3,0
6,-10.54,12940150,64766,132507.2405,19650,3,0
7,-16.54,12949075,62354,114438.0713,19724,3,0
1,28.08,12958425,56883,125145.7271,19792,3,0
2,22.92,12965900,62009,104506.2812,19861,3,0
3,34,12972825,67724,116210.9847,19946,3,0
4,-18.51,12980150,61901,133768.0399,20017,3,0
5,-1,12987675,53366,124571.4872,20077,3,0
6,-10.79,12995200,70042,135440.1404,20154,3,0
7,-3.92,13003025,64146,128751.7384,20235,3,0
1,12.2,13010900,54181,137948.2912,20303,3,0
2,-9.18,13018375,59877,124959.9838,20370,3,0
3,-3.32,13025950,67767,142195.8436,20447,3,0
4,10.38,13034200,62427,137025.0856,20523,3,0
5,-6.09,13042750,54742,146504.8085,20591,3,0
6,-2.74,13050050,66921,123236.3978,20665,3,0
7,-19.85,13057425,64815,128407.1557,20740,3,0
1,-5.3,13064850,57528,130395.0986,20810,3,0
2,-8.92,13072275,59561,126669.5244,20878,3,0
3,-13.48,13080375,64442,162993.8733,20953,3,0
4,28.46,13088050,69283,142503.2149,21032,3,0
5,-12.15,13096075,52550,141571.8214,21095,3,0
6,-9.58,13102750,72928,122943.9502,21172,3,0
7,7.03,13110500,70732,146228.7892,21258,3,0
1,1.37,13118850,62960,169672.5214,21334,3,0
2,-9.64,13127875,70184,178499.4155,21412,3,0
3,-28.83,13136325,75011,153980.265,21502,3,0
4,-51.98,13144650,69698,159864.8612,21589,3,0
5,-6.28,13153050,59319,161826.3932,21679,3,0.42
6,-4.38,13162575,75458,202037.8,21758,3,0
7,38.28,13170725,75470,199134.5961,21841,3,0
1,-21.9,13178675,60189,186096.0214,21912,3,0
2,-0.09,13186125,66411,158833.5469,21983,3,0
3,11.05,13194300,74318,190837.3213,22066,3,0
4,-2.85,13202975,67664,196763.9462,22142,3,0
5,-34.01,13212150,59751,231138.3705,22210,3,0
6,5.67,13219475,71539,194978.3032,22288,3,18.44
7,2.35,13227625,70940,227701.9345,22367,3,0
1,-4.91,13235550,67529,229065.4191,22442,3,0
2,-4.48,13243475,71754,208613.1496,22520,3,0
3,8.42,13250675,76417,212703.6035,22620,3,0
4,-14.6,13258750,66303,219521.0267,22693,3,0
5,5.06,13267425,66033,252083.493,22766,3,0
6,-7.49,13275350,89326,250600.6489,22862,3,0
7,-39.81,13284700,79754,274326.1542,22949,3,0
1,-12.63,13293075,62315,256532.0252,23023,3,0
2,-14.58,13301375,68526,232806.52,23100,3,2.5
3,30.93,13309225,81104,241703.5845,23189,3,0
4,-26.77,13317075,73278,260177.3531,23279,3,0
5,-25.14,13323750,62200,239501.0072,23362,3,0
6,2.67,13331000,78590,261900.3819,23450,3,0
7,-6.82,13338325,74630,255008.2666,23537,3,0
1,-39.85,13345425,70430,246393.1225,23623,3,0
2,-4.8,13353875,75126,275684.6125,23709,3,0
3,15.06,13360925,80324,225716.7765,23799,3,0
4,12.71,13368450,84811,276657.2683,23886,3,0
5,5.86,13375725,63946,257517.4572,23963,3,0
6,47.06,13383050,81491,243597.5947,24056,3,0
7,-33.87,13390475,74010,260997.4229,24142,3,0
1,11.66,13398050,69474,294057.0964,24221,3,0
2,-4.73,13404850,78443,240117.6291,24305,3,0
3,0.15,13412625,79546,297537.0621,24396,3,0
4,-26.64,13420275,81643,291583.5085,24486,3,0
5,-3.03,13427325,70537,232551.2644,24567,3,0
6,-0.49,13434800,88600,268328.3821,24664,3,0
7,-17.94,13442725,93338,309472.0673,24762,3,0
1,-9.61,13451425,74548,286216.9409,24851,3,0
2,-1.58,13459400,84522,277272.6615,24946,3,0
3,16.18,13467500,89249,314993.4284,25045,3,0
4,0.27,13474725,89542,283494.0856,25148,3,0
5,14.08,13482100,72217,273650.541,25237,3,0
6,8.7,13489575,87338,277587.9588,25334,3,0
7,41.52,13496600,100117,287431.5034,25443,3,0
1,-33.42,13504000,74831,295306.3392,25536,3,0
2,5.34,13511425,85201,299243.757,25632,3,0
3,-3.71,13518600,87321,274455.5762,25729,3,0
4,-17.87,13525125,86577,248412.3463,25825,3,0
5,6.09,13532600,75041,282468.8777,25913,3,0
6,18.04,13539675,82813,256425.6478,26010,3,0
7,-8.41,13546525,82979,262435.624,26108,3,0
1,4.6,13554175,81452,302502.1314,26201,3,0
2,4.5,13561650,95220,286475.5284,26309,3,0
3,-3.47,13568225,97296,242402.3702,26421,3,0.54
4,-4.27,13575675,92900,298317.3202,26528,3,0
5,1.75,13582350,77357,242631.4204,26618,3,0
6,-25.44,13589575,89587,276440.7167,26722,3,0
7,5.81,13597300,85829,288373.4095,26822,3,0
1,-5.79,13604425,79512,284395.8452,26910,3,0
2,1.84,13611550,95727,304283.6666,27017,3,0
3,-33.95,13618050,93704,252575.3311,27129,3,0
4,-0.57,13624625,92052,243219.9835,27241,3,0
5,9.3,13631775,80829,284410.4645,27342,3,0
6,10.03,13639050,99770,317755.1397,27452,3,0
7,-17.65,13647050,70684,331485.3001,27541,3,0
1,-4.86,13654650,78776,313832.2367,27624,3,0
2,0.04,13663050,79812,331485.3001,27715,3,0
3,2.91,13670575,83768,313142.2889,27805,3,0
4,-1.25,13678725,72234,323243.6531,27875,3,0
5,-45.22,13686975,85570,335365.2901,27971,3,0.74
6,5.87,13695100,87160,317182.8346,28073,3,0
7,0,13702175,99126,272736.8323,28176,3,0
1,1.2,13709500,105895,284858.4693,28293,3,0
2,-8,13717275,98185,358478.281,28400,3,0
3,-93.5,13723675,104481,330062.3197,28518,3,0
4,28.85,13730875,112530,325690.6334,28637,3,0
5,5.83,13738025,87047,325690.6334,28740,3,0
6,1.81,13744900,98890,262301.1812,28847,3,0
7,20.91,13752075,94979,327876.4765,28955,3,0
1,10.74,13758200,89630,264487.0244,29050,3,0
2,26.83,13764525,105423,277602.0835,29167,3,0
3,-22.22,13772100,89287,324166.339,29270,3,0
4,-19.14,13779825,86360,285184.3109,29360,3,0
5,-9.39,13787950,79193,348786.5672,29454,3,0
6,15.79,13795000,93499,276977.5681,29554,3,0
7,-19.14,13802700,90028,301597.7964,29650,3,0
1,7.79,13811375,86207,352889.9386,29742,3,0
2,-4.77,13818450,95860,342533.0607,29849,3,0
3,1.6,13825950,98701,331483.6071,29959,3,0
4,17.95,13832850,107390,309384.7,30078,3,0
5,4.05,13840225,85355,296125.3557,30212,3,0
6,0.01,13848050,98899,342533.0607,30341,3,0
7,-2.41,13856175,96005,362422.0771,30456,3,0
1,4.07,13863775,92541,304964.9185,30573,3,0.59
2,-8.57,13870975,96936,317934.932,30683,3,0
3,1.5,13878325,104785,362028.0977,30794,3,0
4,15.41,13885875,103395,366669.4836,30905,3,0
5,-6.44,13893000,86274,348103.9401,31019,3,0
6,28.24,13900600,109142,357386.7119,31145,3,0
7,-10.17,13907375,96611,264558.9945,31259,3,0
1,10.2,13914850,94270,327217.7037,31378,3,0
2,11.65,13922050,96449,311208.0239,31488,3,0
3,5.81,13929975,102856,391367.6664,31616,3,0
4,-3.78,13936775,96745,327711.4797,31733,3,0
5,-5.94,13943800,84477,346572.572,31833,3,0
6,3.45,13950650,104238,337142.0259,31945,3,0
7,-26.4,13957750,102414,337142.0259,32061,3,0
1,-2.79,13964850,100458,337142.0259,32172,3,0
2,8.24,13971975,106330,358360.7548,32283,3,0
3,-20.39,13980300,93930,385508.7702,32384,3,0
4,2.95,13988325,106302,399442.8222,32492,3,0
5,-4.58,13995850,87456,350673.6404,32594,3,0
6,-1.13,14003125,105294,346028.9564,32706,3,0
7,9.52,14010350,115686,341384.2724,32832,2,0
1,1.33,14017975,94152,357640.6663,32944,2,0
2,0.93,14024975,100949,317081.1503,33054,2,0
3,-8.81,14031925,108047,292501.2162,33172,2,0
4,-10.18,14039050,114091,349035.0647,33288,2,0
5,1.05,14045875,88884,334287.1042,33389,2,0
6,-20.76,14053350,113372,388362.9593,33510,2,0
7,13.62,14059875,104063,339203.091,33616,2,0
1,-7.3,14066550,100484,326913.124,33722,2,0
2,2.31,14074100,115128,408026.9066,33832,2,0
3,12.71,14081650,113657,338442.9619,33951,2,0
4,-6.41,14088100,110568,284008.0799,34068,2,0
5,-12.51,14095675,93761,352643.3659,34176,2,0
6,4.24,14103050,112434,371577.2379,34294,2,0
7,12.47,14109600,114070,314775.6219,34414,2,0.63
1,-1,14116950,96416,347909.8979,34523,2,0
2,2.04,14123700,94120,312624.3333,34622,2,0
3,-0.38,14131125,113496,338676.3611,34739,2,0
4,8.93,14138850,108365,350518.1919,34859,2,0
5,-5.37,14145225,90054,305519.2348,34963,2,0
6,2.16,14152900,114424,374201.8535,35083,2,0
7,-3.19,14160450,101228,331571.2626,35193,2,0.54
1,-1.69,14167775,93025,303150.8687,35300,2,0
2,-0.18,14175525,97915,332393.9691,35405,2,0
3,-1.85,14182475,107683,344525.1358,35520,2,0
4,5.9,14189850,100591,344525.1358,35627,2,0
5,-0.04,14196375,87996,342098.9025,35732,2,0
6,-4.52,14203350,106971,327541.5024,35850,2,0
7,0.54,14210275,109786,320262.8023,35970,2,0
1,-5.36,14217300,132907,300852.9355,36102,2,0
2,-8.72,14224400,116959,332393.9691,36219,2,0
3,3.89,14231600,125399,335928.1799,36356,2,0
4,-2.14,14238700,109700,335928.1799,36478,2,0
5,-1.55,14246900,88440,395070.4651,36587,2,0
6,7.5,14254475,115633,383242.0081,36696,2,0
7,-1.1,14262300,125147,366682.1682,36845,2,0
1,1.22,14269650,112813,373779.2424,36974,2,0
2,6.24,14277025,122279,370533.2886,37102,2,0
3,13.5,14283650,133747,350771.5132,37251,2,0
4,-3.51,14291525,125430,397705.7298,37396,2,0
5,-3.98,14297925,91203,301367.0748,37518,2,0
6,1.45,14305200,128795,353241.7352,37680,2,0
7,-2,14312975,113329,395235.5079,37796,2,0
1,6.58,14319875,108876,316188.4063,37919,2,0
2,5.3,14326975,117119,336442.8851,38041,2,0
3,4.05,14334175,150917,356089.185,38212,2,3
4,-2.75,14341725,138811,397837.5722,38356,3,0
5,15.82,14349225,101714,356089.185,38473,3,0
6,-3.66,14357175,201921,363456.5474,38664,3,0
7,3.42,14364475,187202,338898.6726,38875,3,0
1,22.82,14372000,171652,356089.185,39085,3,0
2,-3.6,14379075,176542,368157.8914,39299,3,0
3,1.05,14386400,122340,391009.0709,39504,3,0
4,-12.96,14393400,118048,365618.8715,39696,3,0
5,-1.9,14400975,134643,363079.8515,39888,3,0
6,2.88,14408075,123367,355462.7917,40024,3,0
7,-2.33,14415475,111582,378313.9712,40158,3,0
1,10.48,14423500,106038,397611.6003,40277,3,0
2,3.67,14430825,111331,402809.1376,40414,3,0
3,-0.09,14438100,136195,387216.5258,40606,3,0
4,-5.92,14445000,133640,361228.8395,40820,3,0
5,-4.09,14453025,98976,408006.6749,41012,3,0
6,4.31,14460300,132719,374222.6827,41182,3,0
7,-7.9,14466950,132494,363827.6082,41397,3,0
1,-7.21,14474425,104420,411296.57,41538,3,0
2,-5.82,14482175,110686,458451.5907,41659,3,0
3,3.82,14489475,115754,322225.9752,41789,3,0
4,-0.9,14496550,107950,351042.9323,41911,3,0
5,-9.52,14503575,86583,385099.3362,42022,3,0
6,-3.56,14510800,120131,379859.8895,42148,3,0
7,-20.68,14518475,116834,406057.1232,42273,3,0
1,-7.19,14526150,107795,412658.0936,42393,3,0
2,-12.8,14533500,117026,423446.5405,42516,3,0
3,15.6,14540825,125549,418052.317,42647,3,0
4,5.33,14548275,121692,401869.6467,42770,3,0
5,-7.7,14556000,92338,388384.0881,42878,3,0
6,1.85,14563775,140970,409960.9819,43021,3,0.53
7,-0.9,14571400,137446,407263.8701,43212,3,0
1,7.25,14578975,137427,427538.3894,43334,3,0
2,6.64,14586350,119041,385067.6885,43457,3,0
3,-1.23,14593350,128619,399224.5888,43646,3,0
4,-0.15,14601900,165288,489828.7508,43882,3,0
5,-10.07,14608800,139320,396393.2087,44065,3,0
6,0.14,14616850,165993,461514.9501,44289,3,0
7,4,14624100,241346,399224.5888,44490,3,0
1,-3.29,14631000,117999,389344.0727,44638,3,0
2,-4.15,14637300,124667,389344.0727,44768,3,0
3,3.39,14645050,134964,442436.4463,44923,3,0
4,5.84,14652725,130740,477831.362,45063,3,0
5,-2.94,14660125,107256,424738.9884,45189,3,0
6,4.83,14667925,139440,510276.7014,45336,3,0
7,1.3,14675650,135885,465548.4317,45487,3,5.14
1,0.19,14682575,132880,459502.3481,45621,3,0
2,0.05,14690050,117528,447410.1811,45737,3,0
3,6.03,14697150,139516,408110.6381,45897,3,0
4,-0.47,14703900,119490,402064.5546,46069,3,0
5,3.3,14711375,105878,453456.2646,46250,3,0
6,1.5,14718225,133757,405087.5964,46405,3,0
7,5.15,14726100,157228,493327.8751,46571,3,0
1,14.34,14733250,139308,396478.2309,46737,3,0
2,-4.91,14740975,136583,502407.5292,46895,3,0
3,4.94,14747775,161031,438849.9502,47065,3,0
4,8.33,14755550,146222,466088.9126,47227,3,0
5,17.58,14762900,128209,469115.464,47384,3,0
6,-0.28,14770650,141609,478195.1182,47544,3,0
7,15.63,14777750,165622,458010.0135,47710,3,0
1,0.56,14785650,155292,470388.6625,47878,3,0
2,29.77,14793250,159656,448726.0267,48049,4,0
3,96.36,14801075,211121,479672.6492,48272,4,0
4,-48.67,14808225,165214,423968.7287,48477,4,0
5,-6.87,14815800,134785,433252.7154,48644,4,0
6,-27.93,14823050,154030,442536.7022,48813,4,0
7,-21.98,14831125,154219,477906.8399,48991,4,0
1,0.3,14839100,156065,497546.847,49153,4,0
2,-2.58,14847125,150942,576106.8755,49310,4,0
3,5.14,14854650,168587,458266.8327,49490,4,0
4,-13.84,14862125,155128,520460.1886,49654,4,0
5,1.71,14870925,126564,569560.2064,49808,4,0
6,-1.23,14878725,150056,549490.4932,49975,4,0
7,26.9,14886625,164730,585641.1835,50148,4,0
1,5.88,14894000,171602,527800.079,50322,4,0
2,18.65,14901675,172183,542260.3551,50492,4,0
3,-11.55,14910150,177277,531415.148,50692,4,0
4,-0.1,14917400,160944,527800.079,50869,4,0
5,29.16,14925900,179777,621791.8738,51071,4,0
6,4.95,14933650,192097,625219.9086,51275,4,0
7,20.65,14942975,211452,770711.3338,51501,4,0
1,10.42,14951525,211456,656677.514,51720,4,0
2,19.54,14959650,221499,692067.3202,51934,4,0
3,8.83,14968675,222531,660609.7147,52160,4,0
4,4.52,14976650,214387,629152.1093,52368,4,0
5,-23.97,14984750,191441,785065.6071,52566,4,0.44
6,1,14992125,223130,654995.5657,52789,4,0
7,17.97,14999975,227189,692158.4347,53009,4,0
1,-35.96,15007975,170904,864036.7037,53184,4,0
2,5.99,15016875,166837,747902.7381,53367,4,0
3,4.02,15025000,181836,803647.0416,53564,4,0
4,4.33,15031975,123623,697129.1664,53710,4,0.3
5,-4.2,15039125,141064,769424.0429,53867,3,0
6,3.77,15047575,187012,841718.9194,54067,3,0
7,21.81,15054575,177873,743604.4442,54257,3,0
1,-3.56,15062925,178374,821063.2404,54462,3,0
2,-3.04,15071425,179771,877866.3577,54660,3,0
3,-17.54,15079650,191628,862135.5394,54864,3,0
4,-37.95,15086025,185105,693089.3552,55057,3,0
5,-6.17,15092975,192731,783247.3201,55265,3,0
6,-6.79,15101075,205735,839596.0482,55493,3,0
7,29.34,15108075,210240,755072.9561,55731,3,0
1,-19.5,15116675,200913,1008642.232,55959,3,0
2,-1.41,15125150,210592,974832.9956,56170,3,0
3,7.36,15133100,226385,918901.0182,56405,3,0
4,-17.19,15141050,222622,1014371.254,56637,3,0
5,-0.4,15149950,168625,1068073.261,56843,3,0
6,-3.38,15158450,231998,978569.9154,57103,3,0
7,11.58,15167425,201065,1103874.6,57341,3,0
1,-12.02,15176700,232752,1139675.938,57579,3,0
2,2.76,15185275,220559,1153414.864,57821,3,0
3,3.18,15193725,233941,1210727.404,58066,3,0
4,2.48,15202500,202906,1139086.729,58293,3,0
5,20.92,15210825,188927,1289532.147,58497,3,0
6,4.31,15218250,218780,1067446.055,58717,3,0
7,12.28,15226250,212765,1289532.147,58945,3,0
1,20.51,15233675,225259,1284099.851,59169,3,0
2,-0.98,15240075,224964,1056537.852,59385,3,0
3,-15.4,15246525,225112,999647.3525,59615,3,0
4,1.24,15253900,209880,1219082.137,59849,3,0
5,9.13,15260900,224697,1210954.923,60050,3,0
6,-1.6,15267475,260619,1040283.424,60285,3,0
7,-10.43,15274725,221257,1080919.495,60549,3,0
1,-20.44,15282500,238117,1292227.065,60798,3,0
2,10.94,15289850,183530,1220696.147,60990,3,0
3,1.16,15297325,187623,1299450.738,61206,3,0
4,8.12,15305425,193874,1283699.82,61420,3,0
5,-8.78,15312325,141116,1031685.131,61581,3,0
6,2.34,15319900,197677,1197069.77,61796,3,0
7,3.86,15327525,206973,1063186.967,62004,3,0
1,-13.05,15334350,188863,1110630.46,62196,3,0
2,4.9,15341275,189228,1036588.429,62388,3,5.8
3,7.31,15348775,187877,1242260.737,62595,3,0
4,-1.36,15356175,173609,1192899.383,62789,3,0
5,10.36,15363675,161486,1258714.521,62971,3,0
6,-12.8,15371475,191841,1398571.69,63195,3,5.5
7,2.94,15378575,208976,1028361.537,63427,3,0
1,1.13,15385750,196651,1244135.057,63650,3,0
2,0.92,15393525,200979,1360254.329,63865,3,0
3,2.1,15401125,218585,1285606.226,64091,3,0
4,1.11,15408300,215441,1169486.954,64300,3,0
5,-0.57,15416700,181662,1443196.666,64500,3,0
6,4.26,15424275,240200,1260723.524,64733,3,0
7,-2.13,15432325,230281,1465554.23,64970,3,0
1,5.67,15439525,192621,1270147,65179,3,0
2,-2.15,15446725,203165,1199089.825,65383,3,0
3,15.06,15455525,216780,1465554.23,65610.99277,3,0
4,4.91,15462875,210976,1270147,65832.30556,3,0
5,12.15,15469775,183155,1172443.384,66022.67805,3,0
6,8.58,15476725,250744,1341204.175,66256.52779,3,0
7,-17.98,15483325,247958,1207843.183,66491.60486,3,0
1,-2.83,15490925,215712,1296655.182,66730.63684,3,0
2,-3.27,15498725,223785,1394348.38,66945.54349,4,0
3,3.47,15506675,233693,1492041.579,67182.12147,4,0
4,13.54,15514600,233232,1438754.38,67403.42256,4,0
5,-3.09,15522500,185562,1447635.58,67595.69964,4,0
6,-7.82,15530775,245721,1403229.58,67820.90615,4,0
7,4.7,15537575,228409,1342247.87,68037.45641,4,0
1,0.95,15544975,211280,1390530.167,68270.36326,4,0
2,-0.77,15551975,239809,1361560.789,68506.3168,4,0
3,-1.98,15559325,235084,1487094.762,68763.34241,4,0
4,-11.65,15566050,209396,1438812.464,68995.4656,4,0
5,-3.25,15574175,184348,1776788.547,69232.19759,4,0
6,7.34,15582350,246517,1456454.923,69473.75354,4,0
7,7.15,15589175,220093,1357376.357,69707.64856,4,0
1,69.94,15595975,193054,1317744.93,69954.26623,4,0
2,2.72,15603250,211369,1436639.21,70183.64685,4,0
3,14.32,15610000,234385,1426731.353,70414.77807,4,18.1
4,28.53,15617000,234669,1406915.64,70647.10506,5,0
5,6.02,15624225,190528,1694243.482,70852.03776,5,0
6,3.52,15631975,248576,1406915.64,71085.9494,5,0
7,-2.2458625,15639700,236353,1608133.931,71320.37444,5,0
1,19.14585,15647200,213159,1520417.535,71547.43125,5,0
2,107.6265125,15654875,251354,1569148.866,71816.03024,5,0
3,-9.776875,15661975,262510,1500925.002,72084.51966,5,0
4,51.626775,15669425,253752,1452193.671,72365.89982,5,0
5,16.9004,15677800,218298,1725089.126,72631.98898,5,0
6,-94.8581875,15685625,248164,1551383.975,72896.27858,5,0
7,-41.4166125,15692350,241300,1457676.218,73147.03805,5,0
1,40.3648875,15699625,210998,1728387.516,73402.01625,5,0
2,-18.203875,15706950,217029,1530560.029,73628.53964,5,0
3,-8.7433875,15714300,224112,1520148.056,73853.64116,5,0
4,37.2267125,15721925,210409,1634679.759,74091.29198,5,0
5,-16.7688375,15729500,177127,1603443.84,74289.47565,4,0
6,8.0680875,15736900,214959,1538177.127,74515.54207,4,0
7,-30.126725,15743825,216812,1463920.3,74740.6786,4,0.56
1,15.50605,15750587.5,185405,1580609.599,74951.80604,4,0
2,-3.8812125,15754325,218089,1516960.891,75156.63297,4,0
3,9.4687875,15757725,218093,1379055.355,75374.00218,4,0
4,7.1189625,15761175,216081,1432095.946,75594.2611,4,0
5,10.8876,15765000,171013,1580609.599,75808.0463,4,0
6,-2.61585,15768450,222146,1358434.534,76040.4517,4,0
7,-7.961125,15771987.5,217606,1411498.383,76267.9026,4,0
1,-9.0351625,15775237.5,195796,1390272.843,76487.60276,4,0
2,-1.1514625,15778425,240533,1400885.613,76707.9403,4,0
3,0.2855875,15781637.5,235603,1358434.534,76945.00209,4,0
4,1.906575,15785175,231414,1560077.16,77185.92206,4,0
5,-28.8722375,15788587.5,192254,1634366.548,77411.83523,4,0
6,-112.953475,15792425,252252,1555605.722,77669.74284,3,0
7,62.2538714,15796412.5,231835,1535533.39,77922.50747,3,0
1,10.9155,15800600,196551,1676039.713,78144.10785,3,0
2,4.4662286,15804300,236291,1495388.726,78383.026,3,0
3,-0.5076,15807737.5,245581,1525497.224,78619.54178,3,0
4,-4.4343,15811475,232973,1495388.726,78868.59862,3,0
5,-16.7791857,15815550,200577,1645931.215,79082.46666,3,0
6,10.1421732,15819062.5,256447,1469587.965,79325.90137,3,0.9
7,-5.0825,15822525,239541,1664092.254,79565.75121,3,0
1,7.171775,15826387.5,210352,1685703.842,79799.2053,3,0
2,5.7649,15830400,229801,1718121.224,80024.44449,3,0
3,-6.124775,15834137.5,237956,1653286.46,80262.25736,3,0
4,-1.7755375,15837412.5,226767,1426364.789,80486.56704,3,0
5,-4.53845,15841112.5,174489,1642480.667,80677.97723,3,0
6,2.082575,15845025,254486,1810682.895,80927.88734,3,0
7,-5.7982,15848450,238207,1547310.837,81160.05139,3,0
1,28.0677125,15851937.5,182204,1382703.301,81368.24169,3,0
2,7.2236625,15855925,227683,1536337.002,81595.18816,3,3.66
3,6.3540125,15859525,250809,1668023.03,81836.11174,3,3.5
4,10.6071375,15863100,222094,1569258.509,82069.79215,3,0
5,-16.91235,15867087.5,180391,1799709.059,82267.05726,3,0
6,2.769575,15871187.5,241215,1863551.353,82509.42602,3,0
7,-0.542,15875062.5,233488,1728836.797,82744.60103,3,0
1,-2.37925,15878837.5,215529,1829872.714,82976.23872,3,0
2,2.189625,15882312.5,223540,1493086.325,83185.65375,3,0
3,-11.311625,15886275,239216,1863551.353,83423.91574,3,0
4,5.337625,15889737.5,223187,1526764.964,83640.95532,3,0
5,-2.4752625,15894125,197298,2230413.265,83853.78103,3,0
6,4.214975,15898125,243008,2026558.289,84100.53551,3,0
7,0.4015375,15901762.5,242730,1714780.091,84335.40957,3,0
1,8.46005,15905500,213930,1882660.659,84566.83681,3,0
2,-2.9727,15909150,260813,1822703.313,84799.69574,3,0
3,0.5011875,15913212.5,266811,2002575.351,85061.6264,3,0
4,4.8580625,15917012.5,268419,1726771.56,85319.88779,3,0
5,-1.5536,15921125,210548,2056197.685,85557.69809,3,1.15
6,23.6532,15924412.5,263565,1786321.738,85793.20071,3,0
7,-3.3448625,15927812.5,229703,1644958.148,86035.43462,3,0
1,1.9847696,15931287.5,210448,1824875.445,86263.21162,3,0
2,0.2335304,15934475,237232,1606404.441,86478.07748,3,4.7
3,-8.9297125,15937975,201025,1619255.677,86710.48745,3,0
4,2.6705375,15941700,265355,2107602.627,86971.20139,3,0
5,21.07865,15945362.5,191578,1815470.125,87203.58497,3,0
6,2.3170875,15948887.5,237030,1752432.968,87461.54196,3,0
7,26.9040125,15952637.5,326388,2042403.891,87755.38247,3,0
1,32.6714875,15956400,229689,1878507.282,87994.67553,3,0
2,-12.8939375,15960337.5,241778,1853292.419,88219.87521,3,0
3,31.3346125,15963800,268418,1676788.379,88463.48396,4,0
4,-29.6420375,15967187.5,248043,1462462.045,88704.44553,4,0
5,8.3091625,15970937.5,228420,1949214.677,88935.37737,4,4.13
6,-3.028375,15974875,296060,2139073.25,89211.23726,4,0
7,4.71525,15978812.5,271374,2126416.012,89477.49389,4,0
1,-9.972125,15982950,228886,2126416.012,89719.87607,4,0
2,2.749875,15986875,270506,2177044.964,89966.36718,4,0
3,30.4465,15990962.5,291186,2177044.964,90235.75067,4,0
4,10.6073875,15994800,275925,2073243.137,90516.59022,4,0
5,-18.4551375,15998175,246537,1807083.545,90754.19167,4,1.98
6,19.68275,16001587.5,285635,1877125.543,91011.90863,4,0
7,-11.299,16005450,333466,2297377.53,91307.89094,4,0
1,-3.777375,16009262.5,279374,2157293.535,91596.52776,4,0
2,-0.620875,16013112.5,298530,2297377.53,91863.91865,4,0
3,9.6446375,16016750,292654,1989192.74,92130.22529,4,1.58
4,29.7404875,16020362.5,318263,2052749.317,92402.2012,5,0
5,-7.621,16024362.5,245650,2109770.131,92680.54534,5,0.45
6,-8.19475,16028137.5,319762,2138280.538,92959.12812,5,0
7,13.10825,16032275,282711,2238066.963,93247.45374,5,0
1,3.6715,16035612.5,250241,1881686.874,93491.64704,5,0
2,3.605625,16039900,268662,2223811.76,93746.28886,5,0
3,-2.109875,16043862.5,286328,1981473.299,94016.66758,5,0
4,6.671375,16047112.5,279361,2050571.629,94266.56676,5,0
5,6.837375,16050675,235789,2173914.283,94506.06919,5,0.05
6,4.6843875,16054287.5,296473,2127660.788,94779.1114,5,0
7,67.5097375,16058262.5,314644,2451435.255,95078.63589,5,0.65
1,31.0127375,16061875,240820,2112242.956,95330.73017,5,0
2,5.7227625,16065712.5,244914,2189332.115,95560.39644,5,0.3
3,70.145,16069712.5,305394,2589949.671,95839.58289,5,0.3
4,-15.324,16073550,286818,2479403.038,96117.50069,5,0
5,45.5735,16077350,180502,2463610.662,96345.4524,5,0
6,25.412,16081387.5,301664,2589949.671,96645.36425,7,0
7,-28.467,16085050,288501,2210932.646,96935.01754,7,0
1,-97.8445,16088787.5,284719,2195140.27,97230.73456,7,0
2,-2.650125,16092575,269947,2147763.141,97491.60304,7,0
3,-108.9565125,16096487.5,303058,2562350.134,97786.37982,7,0
4,41.071925,16100512.5,275149,2528855.361,98052.33795,7,0
5,-4.0880625,16104750,235999,2796813.545,98293.16411,7,0
6,81.63815,16108837.5,292697,2646087.067,98563.56092,7,0
7,-8.046875,16112887.5,300605,2914045.251,98843.81547,7,0
1,24.649025,16117512.5,263562,3031276.956,99105.7741,7,0
2,1.6257125,16121412.5,236692,2715269.052,99349.54495,7,0
3,-29.0279875,16125137.5,305961,2930146.459,99642.80628,7,0
4,26.234125,16129200,263332,3320832.653,99941.14444,7,0
5,-3.34675,16133187.5,241627,3262229.724,100218.5553,7,0
6,48.773075,16136800,307683,2832474.91,100497.222,7,0
7,42.907638,16141162.5,259559,3066886.627,100825.4728,6,0
1,23.3857,16144825,286326,3043000.843,101108.2334,6,0
2,-6.985663,16148375,230027,2623276.589,101382.9468,6,0
3,28.362863,16152087.5,308316,3063987.056,101666.0694,6,0
4,-53.273113,16156037.5,304456,3105959.481,101970.8658,6,0
5,1.501125,16159525,238182,2959055.992,102227.1245,6,0
6,11.175625,16163675,315084,3546669.948,102525.0497,6,5.4
7,23.427875,16167300,285329,3189904.332,102803.7873,6,0
1,21.429012,16171075,288149,3330515.744,103096.3747,6,0
2,28.117876,16174600,282728,3242870.593,103361.9097,6,0
3,38.468175,16178050,284024,3045669.003,103628.8102,6,0
4,51.643062,16181962.5,350751,3637273.773,103934.2146,6,0
5,0.1835,16186275,265203,3900209.227,104259.6638,6,0.29
6,12.515536,16189987.5,325414,3352427.032,104543.9051,6,2.3
7,71.845531,16193750,329428,3440072.183,104834.9332,7,0
1,7.616383,16197287.5,268875,3069265.85,105115.8474,7,0
2,8.170175,16200900,287731,3252505.602,105397.4984,7,0
3,-117.804075,16204587.5,297108,3252505.602,105685.7308,7,0
4,-58.776171,16208387.5,308482,3573175.168,105987.2411,7,0
5,128.877496,16212187.5,221110,3550270.199,106284.7027,7,0
6,17.876161,16215950,310395,3573175.168,106577.3613,7,0
7,-64.425129,16219637.5,327034,3504460.261,106868.2907,7,0
1,-228.7132945,16223525,263530,3712647.139,107169.5065,7,0
2,96.8521255,16227287.5,277033,3216051.025,107450.1236,7,0
3,-20.357625,16231050,320713,3807236.875,107747.7189,7,0
4,-86.8071487,16235100,289521,4161948.385,108043.6611,7,0
5,14.8665982,16238837.5,221915,3925474.045,108281.0105,7,0
6,89.3413125,16242425,294001,3665352.271,108552.7169,7,0
7,-8.223075,16246200,288788,4073274.033,108844.8726,7,0.19
1,49.025021,16249537.5,255871,3278488.856,109102.2083,7,0
2,54.883429,16253712.5,288141,4371318.475,109387.0221,6,5.63
3,-8.733686,16257300,316555,4023599.96,109665.8858,6,0.39
4,57.374936,16261162.5,295463,4023599.96,109967.9833,6,0
5,18.34625,16264862.5,238286,3949088.849,110248.6286,6,0
6,17.816538,16268787.5,307893,4147785.144,110545.3018,6,0
7,-46.593325,16272150,228679,3287972.007,110808.3949,6,0
1,4.856958,16275762.5,271976,3909321.047,111096.4685,6,0
2,20.754204,16279312.5,245184,3572756.984,111360.3202,6,0
3,12.295213,16282925,310104,3702204.7,111640.5715,6,12.12
4,40.431325,16286737.5,330354,4323553.741,111938.9622,6,0
5,-0.3733,16290462.5,245039,3961100.134,112225.0395,6,0
6,21.426575,16293862.5,325387,3831652.417,112487.4322,6,0
7,65.939225,16297612.5,297884,3814281.634,112778.3658,6,12.73
1,-10.374875,16301475,341319,4488916.48,113081.9952,6,0
2,82.193775,16305237.5,294786,3892124.116,113375.3643,6,0.35
3,90.404044,16308862.5,295149,3425069.222,113661.6203,15,0
4,25.758214,16312575,267193,3347226.74,113948.7568,15,0
5,2.533358,16316762.5,316011,4333231.516,114271.9933,15,4.16
6,185.416542,16320950,332879,4021861.587,114599.3662,15,0
7,99.705592,16324487.5,294743,3757901.049,114871.2385,15,0
1,-49.07055,16328387.5,329266,4398136.043,115169.1481,15,0
2,-48.793075,16332562.5,329229,4732171.692,115494.0832,15,3.97
3,84.358125,16336150,317527,4314627.131,115774.8377,15,44.1
4,154.035425,16339975,319502,4565153.868,116072.519,15,0
5,85.013975,16343875,326057,4091936.698,116377.6926,15,0
6,241.175825,16347800,367710,4976737.782,116683.2646,15,0
7,99.495998,16351762.5,350114,4828620.586,116991.9598,15,82.29
1,-373.153323,16355775,331914,4976737.782,117305.2178,15,0
2,261.877737,16359725,321638,4473139.316,117614.2479,15,0
3,10.003214,16364012.5,321634,4858244.025,117949.9541,15,40.3
4,160.2085,16367962.5,271539,4325022.12,118259.5413,15,0.08
5,70.030729,16372375,266044,5432357.042,118606.0631,15,0
6,367.140554,16376312.5,297416,5094943.561,118913.7264,15,11.75
7,-90.314509,16380437.5,307377,5567322.434,119237.446,15,3.49
1,52.373669,16384087.5,254993,4757530.08,119520.7207,15,0
2,-187.697794,16387750,269098,4959978.169,119800.9965,15,153
3,-210.6335,16391262.5,287644,4723788.732,120074.4842,15,0
4,17.918251,16395025,269937,4993719.517,120372.122,15,0
5,42.429438,16398650,209359,5129905.644,120650.8617,15,10.29
6,247.588998,16402262.5,269438,4882255.027,120933.0586,15,0
7,-27.690237,16405750,269685,4917633.687,121208.655,15,33
1,-138.123125,16409575,227127,5165284.304,121499.1524,15,83.11
2,-152.713831,16412875,261906,5023769.665,121752.5206,15,2.02
3,148.898129,16416475,279811,5554449.56,122034.9001,15,0.38
4,-107.707811,16419900,267360,5448313.581,122298.1929,15,14.06
5,23.549968,16424300,196539,6622798.791,122589.5227,13,0
6,98.538495,16428337.5,255483,5389830.931,122865.4491,13,37.69
7,10.237912,16431975,225106,5002326.746,123136.7658,13,0.92
1,-47.837088,16435887.5,220835,5812562.768,123417.1685,13,0
2,-195.960519,16440075,251722,6939847.669,123667.7072,13,0
3,19.578428,16444450,257138,6235294.606,123977.7327,13,25.37
4,-194.800738,16448150,227903,5559049.844,124237.1494,13,0.14
5,-259.733533,16451775,203165,6518885.788,124497.9367,13,5.92
6,388.90795,16455687.5,260575,6598872.117,124796.1449,13,0
7,578.066167,16459575,230199,6478892.624,125086.6725,13,0.43
1,-90.57856,16463500,223358,6398906.295,125385.1768,13,0
2,-55.788828,16467875,240072,7118783.254,125661.9208,13,0
3,-256.792443,16471562.5,237853,5878995.159,125942.3892,13,11.15
4,286.607997,16475362.5,247207,6414280.018,126222.1542,13,14.43
5,-35.681166,16479162.5,184145,6285994.418,126478.2096,13,0
6,-35.54235,16482837.5,131875,6371518.151,126720.6528,13,15.6
7,83.70465,16486462.5,213017,5901137.617,126974.0234,21,0
1,423.9973,16490912.5,239771,7568850.421,127295.4238,21,0
2,189.111816,16494575,249002,6542565.619,127549.9104,21,6.98
3,-49.900516,16498350,260955,6333394.737,127842.1819,21,0
4,275.18035,16501825,284001,6608759.726,128112.9462,21,0
5,493.041353,16505362.5,263310,6792336.385,128390.7662,21,0
6,91.480309,16508887.5,311002,6975913.044,128663.1609,21,0
7,111.697388,16512750,347319,8215055.493,128964.0196,21,26.14
1,-106.063503,16516500,266832,6930018.879,129252.9924,21,0
2,-178.940214,16519562.5,236772,5277828.948,129490.2768,21,11.97
3,131.228,16522662.5,315734,7297172.197,129735.9696,21,0
4,188.10445,16525187.5,208169,4459277.508,129924.5916,21,0
5,-8.746117,16528437.5,261891,6843445.68,130182.9788,21,6.58
6,253.677117,16531912.5,281116,6578538.105,130458.295,21,0
7,140.26955,16536050,280724,7196655.78,130783.5091,21,27.82
1,-167.86752,16540275,236811,7240807.042,131085.2923,21,0
2,-236.289163,16544387.5,269280,7726470.929,131365.561,21,0
3,297.7237,16548875,276225,7430760.766,131662.4534,21,23.42
4,-331.071834,16553262.5,279488,8027056.383,131964.8285,21,0
5,19.204817,16557100,193240,6329907.319,132196.7119,21,282.18
6,-110.918383,16561625,256230,8623352,132474.7321,21,62.31
7,-899.406617,16566175,268068,7981187.489,132749.9594,21,13.94
1,443.99604,16570537.5,228257,7751843.021,133020.3917,21,70.13
2,329.690627,16574325,218204,6965995.452,133238.5524,21,0.12
3,-115.755,16577737.5,235723,6417491.873,133498.7528,21,6.14
4,-340.059117,16581675,227615,7624199.746,133745.2933,21,13.5
5,65.5381,16585562.5,185277,7953301.894,133945.1863,21,0
6,207.266733,16588850,263648,7569349.388,134192.5259,21,0
7,291.681667,16592900,275976,9708513.346,134466.7043,21,0.16
1,133.379267,16596737.5,212678,7569349.388,134715.9473,21,0
2,51.515433,16600237.5,295002,8380132.04,134984.8428,24,0
3,-161.70875,16604200,232826,7486251.289,135257.3472,24,0
4,120.428333,16607750,283699,8882939.962,135530.9507,24,0
5,256.67755,16612000,238385,10167893.54,135802.2434,24,0
6,179.999117,16616012.5,303101,8938807.509,136104.8944,24,0
7,542.850683,16619662.5,293164,8547734.68,136395.6957,24,0
1,414.30805,16623125,293140,7877324.117,136679.4372,24,0
2,-28.232866,16627737.5,314725,10351762.43,137013.4128,24,0
3,-165.029767,16631675,329579,8983426.015,137328.8566,24,0
4,433.28374,16636137.5,312409,10649226.87,137683.5452,24,0
5,3.72471,16640325,289131,10827705.53,138025.6393,24,0
6,-477.356783,16644550,347220,9935312.215,138365.7296,24,0
7,387.31065,16649112.5,265827,12999790.29,138676.9437,24,0
1,-116.441467,16651475,207066,6138789.858,138869.9299,24,0
2,329.17727,16655237.5,316077,10616495.4,139177.8941,24,0
3,559.432463,16658325,241788,7872095.229,139434.7178,24,0
4,532.413377,16662275,277598,8594305.801,139714.8733,46,0
5,179.292307,16665662.5,251728,10183169.06,139995.5616,46,0
6,-284.885134,16669275,335636,11266484.92,140294.6025,46,0
7,65.909827,16672987.5,341281,11049821.74,140599.2596,46,0
1,-795.186027,16675487.5,194634,5426063.163,140809.9213,46,0
2,187.3765,16678237.5,309299,9495610.536,141040.0207,46,0
3,751.202387,16681737.5,321788,10309520.01,141330.5078,46,0
4,485.454447,16685725,306617,11326906.85,141658.738,46,0
5,220.7697,16689425,264855,10852126.33,141968.114,46,0
6,52.145933,16693775,371091,11733861.59,142329.0531,46,0
7,89.15,16697587.5,352207,10648648.96,142626.033,46,0
1,558.457267,16701400,336689,10445729.47,142945.7424,46,0
2,1010.887783,16705437.5,379256,11383166.73,143283.26,46,0
3,161.033283,16709550,398090,11584046.14,143633.2004,46,0
4,1004.583667,16713925,412908,12253644.19,144007.0664,46,0
5,448.71,16718137.5,353044,11784925.56,144358.2485,100,0
6,545.81133,16722625,405709,11918845.17,144740.0521,100,0
7,4623.53834,16726862.5,372345,11941671.2,145096.9953,100,0
1,-1359.13752,16731000,403399,13760601.25,145443.9267,100,0
2,1619.28252,16735187.5,368598,13523349.5,145798.5226,100,0
3,46.25,16739462.5,424579,14709608.23,146160.7015,100,0
4,963.53333,16743887.5,405676,13365181.67,146532.233,100,0
5,1517.885,16748337.5,391910,14630524.31,146905.5076,100,0
6,-1552.67333,16752362.5,378622,13035760.95,147243.5803,100,0
7,-1689.60167,16755712.5,335482,12290860.32,147526.5885,100,0
1,-687.24833,16759387.5,308211,12942648.37,147838.5932,100,0
2,-1241.23334,16762975,228926,12570198.06,148142.1936,100,0
3,1470.29334,16766700,307642,14525562.2,148457.8829,100,0
4,-949.18167,16770625,353824,15363575.41,148792.1595,100,0
5,-474.565,16774500,290422,15177350.25,149113.6214,100,0
6,840.28167,16778587.5,340980,16415540.67,149454.463,59,0
7,193.49833,16782650,425008,16127548.73,149800.8084,59,0
1,2119.843,16786537.5,358847,16127548.73,150130.6547,59,0
2,-2053.29133,16790637.5,345672,15935554.1,150474.7959,59,0
3,-139.50834,16794762.5,347393,15935554.1,150823.4106,59,0
4,-1213.51633,16799400,300091,17087521.86,151215.1653,59,0
5,-59.962,16803200,235045,17165770.55,151529.1982,59,0
6,-2671.92167,16807062.5,303725,17608758.18,151855.0564,59,0
7,164.425,16811312.5,309495,19159214.88,152214.2425,59,0
1,1605.37,16815600,240611,19712949.41,152584.1906,59,0
2,-2406.2,16820025,245562,18494733.44,152966.2151,59,0
3,737.665,16824437.5,250423,19491455.6,153343.985,59,0
4,-312.44333,16828350,220459,20056949.54,153681.0239,59,0
5,795.895,16832287.5,213446,20445148.56,154006.9753,59,0
6,-1581.64833,16836225,236609,21609745.63,154322.579,59,0
7,-1100.803337,16839687.5,257664,20703947.91,154613.2244,59,0
1,-6.58,16843762.5,194891,20445148.56,154942.4583,42,0
2,-2237.861666,16848300,216363,23938939.78,155322.7709,42,0
3,1261.141666,16852187.5,213719,20149017.21,155655.3629,42,0
4,435.558334,16855512.5,177860,19291612.22,155937.9769,42,0
5,-192.061667,16859187.5,147208,21578025.52,156237.997,42,0
6,254.3125,16863312.5,182984,23435736.33,156580.2562,42,0
7,1379.3865,16867187.5,198183,18720008.9,156901.4609,42,0
1,864.83767,16871012.5,173789,21292223.86,157201.813,42,0
2,268.97333,16875062.5,187367,23149934.67,157522.4679,42,0
3,-578.17333,16878937.5,205201,25265138.83,157831.4773,42,0
4,-370.675,16882650,185193,22125683.71,158117.3332,42,0
5,-465.523337,16886600,144869,25564134.55,158387.8154,42,0
6,1067.289997,16890362.5,219624,23919658.06,158688.9125,42,0
7,245.49834,16894362.5,233744,24667147.38,159028.5757,42,0